id,left_image_path,right_image_path,left_higher_division_pressure,pair_weight
005e7096616e,train/7e8da11ec0a4.png,train/8096ad16c66f.png,0,1.626564
008ac4e47554,train/6c59e47d7966.png,train/138b1bc0821f.png,0,2.068483
00f13c1d9126,train/5e63de81560b.png,train/5f0b3c6cd888.png,1,2.816753
01125bfa00bc,train/5a3e2bbe8c24.png,train/3ddb922cb714.png,0,1.360102
013dedf0870c,train/18b717158521.png,train/d31d93071bf1.png,1,2.451986
01ceef1c5b2a,train/3900a09302d9.png,train/31efbc34dffa.png,1,2.938942
01d2827e1620,train/2525736b03c5.png,train/140857456ce3.png,0,1.415015
0265d1f773d5,train/76e1c7c19992.png,train/de6db38941fb.png,0,2.995547
03127802ae14,train/e1b965c8f45a.png,train/4922c3139b81.png,0,3.0
0316293cf97c,train/19ab2a20b571.png,train/f3a11dbc8d1c.png,0,1.748528
03867f4e2b64,train/5a87709d02c5.png,train/5424b0201969.png,1,3.0
03a4e5e18cce,train/d4455ea2f880.png,train/7ded9f987872.png,0,1.575381
03dfb40a6852,train/b07e9310aa4f.png,train/a9488dd8f071.png,1,1.384275
0430a15cc474,train/3e0cb5147ade.png,train/1847002a9c97.png,0,1.721195
04bf9067fe79,train/f2ac7fec06d2.png,train/2a6bbefb777e.png,0,3.0
05465a32f0e3,train/d6f5801c08d9.png,train/808910272136.png,0,1.704507
056eaed7adcf,train/4beb8bf87cd2.png,train/9b2efaa0b9a2.png,1,1.532498
05e380080e17,train/b6165ea5de29.png,train/059a66bf9459.png,0,2.668849
0638aad6e768,train/ca61256354a5.png,train/46be031dcf82.png,1,2.436365
063a3384633a,train/5a3e2bbe8c24.png,train/00dac88c0068.png,1,1.709737
066d93830957,train/cc7033c71826.png,train/a93380332d6f.png,1,2.494581
0685f43d0ce7,train/23c6309aa870.png,train/347f6bc8e8d1.png,1,1.337239
06c288d390f3,train/a7a2be4cf114.png,train/e30cab0ff7d6.png,0,2.942943
073bfb49f2fb,train/5e215bf40e06.png,train/c21645961dcd.png,1,1.491448
07a965d62947,train/e30cab0ff7d6.png,train/32813ca073a4.png,1,3.0
07b82ead1e04,train/26ee662272c7.png,train/45ff137cff43.png,1,2.847529
07efc22608fc,train/0288002b40b8.png,train/9774bf8e93f2.png,1,1.808593
07f414ded7b6,train/aeaf6bd0cf2a.png,train/18121bdcf50c.png,1,1.526937
0879ed1961e0,train/5e215bf40e06.png,train/4305adb36e05.png,0,2.495393
08811458a122,train/32813ca073a4.png,train/58cb7698250f.png,0,2.594211
08da05a1ef60,train/91765c4d6f78.png,train/6fda56bc3a71.png,1,1.472415
08dc407ab7b9,train/106d7bfbaa89.png,train/3efe0d4b9a6d.png,0,1.671751
096a3fdcee3f,train/3fd2105082e1.png,train/a8156bcac10a.png,0,2.356697
0972af6d9f7b,train/d9bb5d98a384.png,train/12aa00ec78ab.png,1,3.0
0990c16afff0,train/b78b53c91b1e.png,train/e68ac09b909c.png,1,3.0
0a2cd367df64,train/2e9db0236bfa.png,train/138b1bc0821f.png,0,2.788944
0ad123ee9d6d,train/b4c159a6b638.png,train/ded746851d27.png,0,2.756583
0ae4b2f2bca0,train/27424dc18b3f.png,train/d981528d6d9c.png,0,2.187166
0b1c2a948125,train/4d865f8928e5.png,train/12c55ae01f30.png,1,1.440955
0b2f5ecfe967,train/4b219931e422.png,train/7b38676dcb50.png,0,2.263497
0b7364fdfd42,train/a35fc11eadb3.png,train/bd7b96224842.png,0,1.497807
0b9180bdaddd,train/19ab2a20b571.png,train/c8e101af7a94.png,0,1.657584
0bc8fdc803ed,train/80af1a2deff2.png,train/18121bdcf50c.png,1,1.737661
0be312590c55,train/7394d42332ac.png,train/bf7613a5db23.png,0,1.908284
0c061026802a,train/4305adb36e05.png,train/e3ce87386265.png,1,2.145818
0c179b308df0,train/58cb7698250f.png,train/a00cfeb6e2ec.png,1,1.851679
0c5632201a93,train/c51034b5e035.png,train/7e49d0542c72.png,0,2.57506
0c6eb53464eb,train/fe59e5638e53.png,train/5f0b3c6cd888.png,1,2.145385
0c94eee57354,train/d0722b4c4ef0.png,train/a1f3907e1e5d.png,0,1.988061
0ca227e47a30,train/40eb5f59da65.png,train/45ff137cff43.png,1,3.0
0ca575560961,train/26034945cf1a.png,train/f629755fd50a.png,1,2.754361
0d23d1bae123,train/a434b8240fcb.png,train/5243e0e9d958.png,1,1.920756
0d50a16c1916,train/f374a24fbcbb.png,train/53940e3f5287.png,0,3.0
0d50ddc1ae43,train/a9488dd8f071.png,train/cee6ef105312.png,0,2.821062
0d88ef09b93c,train/27424dc18b3f.png,train/138b1bc0821f.png,0,2.360724
0dbcb473d1c9,train/703b2b403c4d.png,train/f36685df6162.png,1,2.303013
0deb6f12966d,train/d9bb5d98a384.png,train/24720425a49f.png,1,3.0
0e2c85343c3e,train/443b38d52318.png,train/6ef916d4314c.png,1,2.705954
0e6ed622e20f,train/b4ae30bae7cf.png,train/f629755fd50a.png,1,1.746375
0e7b79321912,train/00fd4d23a2fc.png,train/5243e0e9d958.png,0,1.737921
0ee5f83ea730,train/7ded9f987872.png,train/17c1db08f44a.png,0,2.062946
0f6de202c580,train/e0fe5ab3001d.png,train/3ddb922cb714.png,0,2.610736
0fa7b01b24c1,train/19894eda21d2.png,train/a4d194b1ebdd.png,0,2.55865
0fbe13743053,train/320478842a08.png,train/3900a09302d9.png,0,2.359875
0fda01672e20,train/a9488dd8f071.png,train/6b0791069593.png,0,1.753587
1039f1bd857a,train/3900a09302d9.png,train/bf535ec2a646.png,1,2.037954
11423bb31ce8,train/e36b4d6f4d31.png,train/0b5d58141b4a.png,1,2.489025
119232e25eb8,train/0edb1e287a76.png,train/68c6cc6b0b62.png,0,2.188252
11981334e2b3,train/c533d635778b.png,train/0b5d58141b4a.png,1,1.539238
11fc744202dc,train/c8a147fc7b04.png,train/993ddfafec05.png,1,1.883832
12558d39a156,train/625c25c87de6.png,train/96bd89871ec9.png,1,1.462627
12f8ef50b6fb,train/c8a147fc7b04.png,train/45ff137cff43.png,1,3.0
13a51faeed11,train/e1b965c8f45a.png,train/73b07bac9028.png,0,2.409795
13bc559671c2,train/4beb8bf87cd2.png,train/45ff137cff43.png,1,1.6277
13e348823d51,train/1b55d672baf4.png,train/3dbf84dfc49b.png,1,2.650783
13fe85c12fca,train/eb459aef06bf.png,train/52ab95bc780c.png,0,3.0
14a728c05623,train/e036d1b854f7.png,train/67c8276513cb.png,1,1.93483
14b530be028e,train/8318438f20b6.png,train/95ce558fab48.png,0,2.109879
1511409d3134,train/76278c24d002.png,train/335541cfc685.png,0,3.0
15838713de24,train/fec8cd315790.png,train/4b219931e422.png,1,2.10057
15f4f26adc2f,train/ca61256354a5.png,train/4d865f8928e5.png,1,1.991155
168f1a4b02d0,train/08e5435eb3be.png,train/39e28cae30c0.png,1,1.302592
169ec0a9ef42,train/1def98c11450.png,train/4d5edce4369d.png,0,1.729389
16a0b67d6351,train/3fd2105082e1.png,train/7e9b288f4ffd.png,1,1.819957
16b0c8fa533a,train/7b38676dcb50.png,train/7bd0c08a8ca6.png,0,1.767362
178a54962b7f,train/0db5c79bb10e.png,train/f374a24fbcbb.png,0,1.981176
17d52f44798a,train/2da523fb1eb9.png,train/0cb9e66a19ec.png,0,1.654325
17e978d414ac,train/73de5a66902b.png,train/a9a023569dcd.png,0,3.0
17f51ce234a7,train/632746f7ce88.png,train/e9aa77bf5a97.png,1,1.84104
182c632e2482,train/391dbaec166e.png,train/24f41aa9bae1.png,1,1.636706
184c00f6aa20,train/7b38676dcb50.png,train/382166a08137.png,0,2.449153
1881cfd600f5,train/73f51f1ddc7b.png,train/abb5fc143a31.png,1,2.960505
1886c090904a,train/e1db27f50163.png,train/40eb5f59da65.png,0,2.413058
189cb20a6d26,train/00fd4d23a2fc.png,train/335541cfc685.png,0,2.405161
18bee3286f52,train/31efbc34dffa.png,train/9cb387e0a654.png,0,1.893081
1915ab104749,train/632746f7ce88.png,train/138b1bc0821f.png,0,1.817332
1936f5bfa32f,train/61c665bb5de5.png,train/58f26ae301e2.png,0,1.767112
195a99893280,train/2299d4e91b13.png,train/ccfa986aad95.png,0,2.812844
19694bbf0380,train/aa358b257503.png,train/ca61256354a5.png,0,1.745029
198eb8b86ede,train/453d097017fe.png,train/784409c63fa6.png,1,2.242696
19c18ab1411e,train/7e797952187d.png,train/e74e51437b10.png,1,1.736695
19dc77d2e1d3,train/0b2cf1c579d2.png,train/4305adb36e05.png,1,1.751436
19e914ebf8cd,train/7bce8d461d87.png,train/f36685df6162.png,1,2.032145
1a2688398cf0,train/2c127236ab35.png,train/7f3be4668aba.png,0,1.871605
1a36cb774498,train/e93189ace82f.png,train/de0a552d70a6.png,1,1.378573
1a5fd71c3950,train/aa6a66776046.png,train/e55cbc33c860.png,0,3.0
1a726a189488,train/31df3ea2cfc7.png,train/1c15d6795cfd.png,1,1.824334
1a89f922124a,train/a8156bcac10a.png,train/82a1e50e5f14.png,1,1.599006
1aa342508c79,train/ea823e7e40cd.png,train/0cb9e66a19ec.png,1,2.11579
1ad3b3200bed,train/e1db27f50163.png,train/20a9af014d3e.png,1,2.127622
1b4d56bf1654,train/6f999750c2a0.png,train/348cb9308e77.png,1,2.848531
1bc300331689,train/e1b965c8f45a.png,train/05b47a0a64be.png,0,3.0
1d410380af77,train/304647d71a76.png,train/88fd33a4fe12.png,1,1.319983
1e14486327ba,train/472e839eae1e.png,train/6b0791069593.png,0,2.209225
1e5824d519f6,train/1b7cce31a14c.png,train/e1b965c8f45a.png,1,2.3452
1e68189a1517,train/8e93d0921317.png,train/a188cdac2adb.png,0,1.894417
1ea5dfa11358,train/2668ce605ffe.png,train/3900a09302d9.png,1,1.764618
1ea8dcff4a82,train/0edb1e287a76.png,train/b87034e6dffe.png,1,1.364326
1f2ad2570ac1,train/a188cdac2adb.png,train/bc1f126f4e2f.png,1,2.016789
1f6928d59c51,train/c51034b5e035.png,train/926fab703485.png,0,3.0
1f7243767cfd,train/0288002b40b8.png,train/65a89221dbc0.png,0,2.37744
1fbe4b6e289a,train/a6aa43760730.png,train/608a3de541ff.png,0,1.348954
2007f8a66c61,train/57d9f3c5dff2.png,train/f374a24fbcbb.png,1,3.0
201b4c80fec3,train/7ded9f987872.png,train/4ad0fffc0a3d.png,1,1.61369
2062863accbc,train/1df691ca465e.png,train/0db5c79bb10e.png,0,2.298464
20929be966b2,train/d63146502ff0.png,train/5f0b3c6cd888.png,1,3.0
217b064b71ac,train/3597334944c4.png,train/a2f905c1f04a.png,0,2.302373
21e4bbe8b085,train/eee7d0a0693b.png,train/cee6ef105312.png,0,3.0
227ff03163ce,train/8e93d0921317.png,train/7578570b0fbd.png,1,3.0
2306a60e0d5f,train/c19efe12c1d6.png,train/2a6bbefb777e.png,0,2.555094
236a77bba685,train/320478842a08.png,train/bfc093765ade.png,0,1.404476
236f6331a4f7,train/b07e9310aa4f.png,train/5243e0e9d958.png,0,2.181781
2390ab4f20db,train/d7ad8956438c.png,train/65d22a114b99.png,0,1.511966
23e2196e0851,train/39e28cae30c0.png,train/c3f46e67924e.png,0,1.612963
24239f36fc12,train/26ee662272c7.png,train/b5595f85bcf6.png,1,1.96151
2494e7897285,train/cab8136d2e19.png,train/61c665bb5de5.png,1,1.888781
24d265381478,train/9064f827e154.png,train/5587d4f43086.png,0,3.0
25c4e884e5dd,train/4922c3139b81.png,train/4316f491aa61.png,1,2.742655
25dc014489e5,train/7575c3b98ba4.png,train/e0b8a4778b34.png,1,1.945804
260f7e347876,train/c38f6fa475a8.png,train/703b2b403c4d.png,1,2.006049
2613bee360d9,train/9491b44c7dba.png,train/0288002b40b8.png,1,2.547821
26502931b20c,train/dfb2fce1bb60.png,train/b45d2e4142de.png,0,2.764083
2650eefca2b9,train/d54f84d5062f.png,train/b6165ea5de29.png,1,2.261946
26dbaaf92b42,train/0c51a96fb829.png,train/2542a2c17fe7.png,1,2.68448
26f5198905de,train/31df3ea2cfc7.png,train/9cb387e0a654.png,1,2.435025
27589adb7ec0,train/be21b786e922.png,train/c510069c3587.png,1,3.0
27f2599a7f68,train/40d1173d6883.png,train/d54f84d5062f.png,1,2.932023
28027c4b3781,train/c21645961dcd.png,train/b0f4c9e2ee13.png,0,2.009317
281879928d0e,train/138b1bc0821f.png,train/041d4a0ede20.png,0,1.484168
28a8c8631abc,train/2a6bbefb777e.png,train/7a48f3f479d7.png,1,2.866121
28ef3aae1272,train/20b532d1665d.png,train/348cb9308e77.png,1,3.0
2972d64b510d,train/d5148f7a675b.png,train/fead4782d1d8.png,1,2.746277
29792e3ad009,train/40d1173d6883.png,train/5f614aa34943.png,1,1.922511
29ad12b20f06,train/5e63de81560b.png,train/eb9a2d58de78.png,1,2.211036
29c7ba234cc1,train/76e1c7c19992.png,train/4d5edce4369d.png,0,2.041898
29df011fdbd0,train/5a66d2046038.png,train/dc91713f9d30.png,0,2.416521
2a189841b3ec,train/d54f84d5062f.png,train/3738504d9141.png,0,1.45236
2a28748284dd,train/fc5f4a7b6bdd.png,train/265dded1f1af.png,1,1.963215
2a51c4b0bd32,train/eda558d6b93d.png,train/52ab95bc780c.png,0,1.910015
2a8c3a1dcc3b,train/a0adade5a2b5.png,train/e93189ace82f.png,0,2.980852
2a8d15861e66,train/73de5a66902b.png,train/57b1d7431851.png,0,3.0
2b4d4e78bb35,train/411fc7a30835.png,train/632746f7ce88.png,0,1.385681
2b6f793156cc,train/c8a147fc7b04.png,train/f35b983c9bac.png,1,3.0
2b871e4ed7ea,train/cc7033c71826.png,train/9b2efaa0b9a2.png,1,2.965945
2bb719d47d42,train/98855d424582.png,train/2b516f2e72bf.png,0,1.801794
2bea2ff40b76,train/24720425a49f.png,train/98d9b416b151.png,0,2.160005
2c277e8826df,train/69abc0ad90da.png,train/2c127236ab35.png,1,1.651552
2c2e9cd5a0bb,train/82a1e50e5f14.png,train/5a66d2046038.png,1,2.218343
2c76765ee023,train/f6300fa46400.png,train/18121bdcf50c.png,1,3.0
2cc9a8d074fa,train/1fc3a55a3a5a.png,train/2e79e05bb1af.png,0,2.904483
2ce1f374b31b,train/495b13bdb7e2.png,train/12c55ae01f30.png,1,2.156253
2d15979b3d0c,train/3dbf84dfc49b.png,train/b65a85c38909.png,1,1.589253
2e423a755cec,train/65661ea5f3dc.png,train/18b717158521.png,0,3.0
2e4daf38e0ca,train/1847002a9c97.png,train/1fc3a55a3a5a.png,1,2.132488
2f0033ab07d2,train/a5815abc6b11.png,train/304647d71a76.png,1,2.812181
2f5e4054c429,train/68c6cc6b0b62.png,train/5424b0201969.png,1,3.0
2f70d1763eca,train/23c6309aa870.png,train/7782f907bad6.png,0,1.42204
2fb1c692cfba,train/b78b53c91b1e.png,train/16b1cff634cf.png,0,1.547838
3019174ff271,train/d8cb3578b341.png,train/16b1cff634cf.png,0,2.198985
302530118e09,train/68c6cc6b0b62.png,train/f732283f079a.png,1,3.0
3029fad73220,train/ba77507fbe6d.png,train/20f7c370c666.png,1,2.793383
3059f8491768,train/f0a01809c765.png,train/6186f6d20df8.png,0,2.881092
309a2d8ff0a6,train/d1168e94cc39.png,train/a5815abc6b11.png,0,1.942373
30aedd97ee75,train/6cd41f6f1b60.png,train/391dbaec166e.png,0,1.642409
317130ac92c3,train/ad885d94c99d.png,train/c51034b5e035.png,1,2.121477
327084fec02a,train/5a87709d02c5.png,train/d54f84d5062f.png,1,3.0
3275df73a0f1,train/b74b979d0bd4.png,train/9acacc30545e.png,0,2.485114
3276f11fdbc8,train/d4717c851d68.png,train/5b86189ce517.png,1,2.146492
328d5cc8a3b2,train/b6165ea5de29.png,train/ad885d94c99d.png,0,3.0
32ffe588b3d0,train/da05b8d60f95.png,train/cab8136d2e19.png,0,1.807227
331cba067fcf,train/58f26ae301e2.png,train/2904cddbe72c.png,1,2.018983
33491ad27624,train/e407b1365599.png,train/46be031dcf82.png,1,1.840076
3378a2c26eeb,train/d32fba536fb1.png,train/b7a2959f868b.png,0,1.738473
337d98dfcc8c,train/a2f905c1f04a.png,train/11790b7a2e2d.png,1,2.801042
33fa37fbed8c,train/4d5edce4369d.png,train/6f999750c2a0.png,0,2.083434
34049d952a6c,train/bb26774cc0b0.png,train/83c20f7f825d.png,1,2.160842
34282a9357a8,train/09363d45fc41.png,train/b3085790759e.png,0,2.392502
342bca8c60cf,train/8f36dc0339ba.png,train/4eaea36ca08d.png,0,2.181961
3496d7304d13,train/e036d1b854f7.png,train/f16262b16581.png,0,2.335176
349cf8d688d4,train/106d7bfbaa89.png,train/3738504d9141.png,0,1.459291
34ae6ad1a823,train/411fc7a30835.png,train/c19efe12c1d6.png,0,2.271528
34f2871c6ef4,train/57b1d7431851.png,train/1078e85cccbf.png,1,2.979706
351234e3d4de,train/a35fc11eadb3.png,train/be21b786e922.png,0,3.0
3521172a4aec,train/443b38d52318.png,train/53274160bd4b.png,0,1.618895
35378e47b6d9,train/bc651b69ac14.png,train/73f51f1ddc7b.png,0,2.319209
354a9c4e5af8,train/3ddb922cb714.png,train/4d865f8928e5.png,1,2.731458
3663da84fe03,train/1df691ca465e.png,train/106d7bfbaa89.png,0,1.906106
36e9f653e4fb,train/f374a24fbcbb.png,train/a7a2be4cf114.png,1,2.165208
3791cb18a3dd,train/52c545c3c82f.png,train/df6eb18a5a49.png,1,1.662049
37971e1070f2,train/33d4754b1bfc.png,train/8acf86069555.png,0,2.78181
383354d89875,train/c54506eaee14.png,train/65a89221dbc0.png,1,2.738876
38482416078b,train/a188cdac2adb.png,train/b07e9310aa4f.png,1,3.0
396bc231a5fa,train/7b38676dcb50.png,train/5ae368661421.png,0,1.691602
3a0eb62b90fd,train/2a6bbefb777e.png,train/6c59e47d7966.png,1,3.0
3a394ecab33a,train/26ee662272c7.png,train/848ee6e05dc3.png,0,1.701773
3a68328c2e33,train/79304f30639a.png,train/2b516f2e72bf.png,1,2.315838
3acbb5907308,train/11790b7a2e2d.png,train/b4ae30bae7cf.png,0,1.807236
3afd6a8b0afd,train/eee7d0a0693b.png,train/24f52e263782.png,0,2.482005
3b5c81540e19,train/efee392e4e3e.png,train/b4c159a6b638.png,1,2.484418
3bbc72c7b702,train/6c59e47d7966.png,train/ad885d94c99d.png,0,1.731515
3bcf7d5daef6,train/9c61510b50fc.png,train/b3ec0f086288.png,1,3.0
3bd3ccfe3320,train/79304f30639a.png,train/31efbc34dffa.png,1,2.648829
3bdc4734c27b,train/5e215bf40e06.png,train/a434b8240fcb.png,0,3.0
3c25bbc27da8,train/041d4a0ede20.png,train/ded746851d27.png,1,2.10991
3c630c6fd5f5,train/73b07bac9028.png,train/c533d635778b.png,1,1.587
3c9eeda812ee,train/fecd211e738e.png,train/98e379ccb0c8.png,0,3.0
3d6fac9a55b2,train/c46c7160793a.png,train/4922c3139b81.png,0,1.493969
3d78023cefe6,train/52c545c3c82f.png,train/258cc348624e.png,1,2.276759
3de92d526279,train/632746f7ce88.png,train/bd7b96224842.png,1,1.6424
3ece0fb53fec,train/18b717158521.png,train/ef64380ba8d7.png,1,1.632407
3ede808b91e7,train/4beb8bf87cd2.png,train/bb6efe62f4e0.png,1,2.101229
3ef777c18e45,train/8935cc996c61.png,train/cc72859d3060.png,0,1.332512
3fbc692afc9b,train/65d22a114b99.png,train/53940e3f5287.png,0,3.0
409706181ee4,train/1b194177f418.png,train/d981528d6d9c.png,0,1.566174
40b99dc28c56,train/e30cab0ff7d6.png,train/b74b979d0bd4.png,1,3.0
4210cbf54c5c,train/347f6bc8e8d1.png,train/1df691ca465e.png,1,2.179971
4282eff3fc82,train/3cf1ea0066c2.png,train/a6aa43760730.png,1,3.0
42d232663de8,train/98e379ccb0c8.png,train/c54506eaee14.png,0,2.405886
42fbbb586f54,train/08e5435eb3be.png,train/a434b8240fcb.png,0,1.702057
438f13418ba3,train/e6ebeb832405.png,train/8f36dc0339ba.png,1,3.0
43aa6ff349a3,train/8c7688352be8.png,train/5587d4f43086.png,0,2.954739
43de0b9008dc,train/2052635950de.png,train/1d745fc829e1.png,0,1.560802
43e67d90c784,train/348cb9308e77.png,train/aa358b257503.png,0,2.034926
444c1df78f02,train/1df691ca465e.png,train/7e797952187d.png,0,3.0
447dba321077,train/c38f6fa475a8.png,train/4d865f8928e5.png,1,2.023623
44837f778d49,train/8096ad16c66f.png,train/f629755fd50a.png,1,1.47549
448c6a36fd86,train/848ee6e05dc3.png,train/8318438f20b6.png,1,2.569054
44971015d4da,train/7575c3b98ba4.png,train/e55cbc33c860.png,0,3.0
4501719f0bdb,train/9f5d6b33dabd.png,train/1b55d672baf4.png,0,3.0
459ef3df95ef,train/efee392e4e3e.png,train/ac619fdb5c8c.png,1,1.542844
45d74cd84b6e,train/b7a2959f868b.png,train/12aa00ec78ab.png,1,2.376893
46f7b6645372,train/059a66bf9459.png,train/3597334944c4.png,1,1.794753
46ffddedffbc,train/d63146502ff0.png,train/0cb9e66a19ec.png,1,2.148829
479b8d14ee62,train/d63146502ff0.png,train/0b5d58141b4a.png,1,2.999954
484955379054,train/2a6bbefb777e.png,train/958081a03dba.png,1,3.0
487f6c4c5156,train/acff629b73dc.png,train/472e839eae1e.png,1,2.349992
48d86a799f01,train/efee392e4e3e.png,train/eee7d0a0693b.png,1,2.071094
4924016ac02d,train/848ee6e05dc3.png,train/81838edbec0e.png,1,1.511207
49267e984c9a,train/7e8da11ec0a4.png,train/632746f7ce88.png,0,2.284043
4926c831b6c5,train/5c4f193b437d.png,train/57b1d7431851.png,0,2.745113
496e9fe408f6,train/632746f7ce88.png,train/5ae368661421.png,0,1.555296
49b78a77193b,train/e6714cc0d767.png,train/cc7033c71826.png,0,3.0
49c4697923c1,train/3f78e67b4821.png,train/17c1db08f44a.png,0,3.0
49f7ff006fa4,train/95ce558fab48.png,train/e89e9fba7933.png,1,3.0
4aabdb5fb841,train/abb5fc143a31.png,train/7080842827a0.png,0,2.270542
4adc0a72527f,train/cce5d39aabac.png,train/d7ad8956438c.png,0,1.764342
4b4f37a28588,train/5368246a3c0c.png,train/ba77507fbe6d.png,0,1.741857
4b8b02a38f7e,train/808910272136.png,train/99b0e1fe49e4.png,1,2.129387
4bd88e0516a4,train/5e63de81560b.png,train/cc9424caea2f.png,0,1.30055
4c5bd352f485,train/972da3f60fe5.png,train/ea823e7e40cd.png,1,1.608333
4c7073760c47,train/250406e090ed.png,train/26034945cf1a.png,0,2.849734
4c972fbe3f43,train/0c51a96fb829.png,train/e30cab0ff7d6.png,0,2.06722
4cc9c82d0cdc,train/2a6bbefb777e.png,train/d4d9ce7d0fc1.png,1,3.0
4cd31452a794,train/ec4006d1ec5d.png,train/b78b53c91b1e.png,0,2.629019
4ce3ed0f26ae,train/7080842827a0.png,train/8acf86069555.png,0,1.816521
4d2e2f99635e,train/5587d4f43086.png,train/efee392e4e3e.png,1,2.677651
4d94644c810c,train/a9a023569dcd.png,train/a4d194b1ebdd.png,0,2.016195
4dbab75c1322,train/5e215bf40e06.png,train/2639a62a89df.png,0,1.480023
4ddf63a5bd82,train/129840bf3ea1.png,train/9c4d08425401.png,1,1.934967
4e141fbea356,train/b7a2959f868b.png,train/e3ce87386265.png,1,1.67018
4e2559eaf965,train/d63146502ff0.png,train/443b38d52318.png,1,1.372113
4ed0422a4f48,train/3900a09302d9.png,train/4284a0d98ae3.png,1,1.567454
4f179217a589,train/7e797952187d.png,train/c51034b5e035.png,1,3.0
4f456fe1ce6c,train/8096ad16c66f.png,train/00fd4d23a2fc.png,0,1.548931
4f5a467fe751,train/9064f827e154.png,train/c50d0f6b5def.png,0,2.21055
4f657787ec43,train/e6714cc0d767.png,train/a434b8240fcb.png,0,3.0
4f6a1f2a72d5,train/cb3933aef956.png,train/23c6309aa870.png,0,2.869855
4f762a0af102,train/c533d635778b.png,train/82a1e50e5f14.png,0,1.493579
4f97180ccf29,train/f2ac7fec06d2.png,train/5e63de81560b.png,0,1.912168
4fbe43493505,train/c02c6b365534.png,train/4d5edce4369d.png,1,1.54733
4fc5ee0bb98b,train/d6f5801c08d9.png,train/76278c24d002.png,1,3.0
505dd06c258d,train/ccfa986aad95.png,train/e93189ace82f.png,0,1.399528
50b8ac21e26c,train/e64ab0cebecb.png,train/19894eda21d2.png,0,2.624183
5102b3969674,train/b3085790759e.png,train/d9bb5d98a384.png,1,1.730121
510dd849761c,train/88fd33a4fe12.png,train/c5fbbe408e4f.png,1,1.929371
51107d36546a,train/68c6cc6b0b62.png,train/b07e9310aa4f.png,1,2.880057
513e0ba4a024,train/e407b1365599.png,train/abb5fc143a31.png,1,1.66722
515373f0d5a9,train/fa52e81d5e8f.png,train/9acacc30545e.png,1,1.693115
51e1d984ee3b,train/5ad7dc8da0b7.png,train/dc91713f9d30.png,1,1.58819
528b41efcbc7,train/fc5f4a7b6bdd.png,train/c46c7160793a.png,0,2.278959
52cacc304972,train/6000ea83e9f3.png,train/ab7bd8339143.png,0,1.91464
52ce171d3010,train/7394d42332ac.png,train/8096ad16c66f.png,0,1.55075
5344cff7111b,train/65661ea5f3dc.png,train/c02c6b365534.png,0,2.975156
53586a00dbe0,train/98855d424582.png,train/5a87709d02c5.png,0,3.0
539267df876f,train/eb9a2d58de78.png,train/a188cdac2adb.png,0,3.0
53bb9c22131d,train/f36685df6162.png,train/18263e982add.png,0,3.0
53cfb98f65c5,train/4922c3139b81.png,train/58f26ae301e2.png,1,1.628892
53d8ad3a8653,train/b65a85c38909.png,train/655980fa13df.png,1,1.684884
53e5e1ddf911,train/d4717c851d68.png,train/0b5d58141b4a.png,1,3.0
546055001c90,train/6d37b8c81f2e.png,train/cce82c26ff81.png,1,3.0
546142748a4f,train/d63146502ff0.png,train/10dce3bd88df.png,1,3.0
54acac4b4cd1,train/d330f9c071bb.png,train/2052635950de.png,0,1.563098
54c88dedce7d,train/8802162ab6d6.png,train/ef64380ba8d7.png,1,2.328208
554a87d2af51,train/18b717158521.png,train/304647d71a76.png,1,1.358625
55c8b80079c4,train/e6ebeb832405.png,train/fead4782d1d8.png,1,2.867845
5641dd3c1fec,train/cce82c26ff81.png,train/58f26ae301e2.png,0,1.443531
578468470b5e,train/d32fba536fb1.png,train/501d558a4a2d.png,0,1.65589
5799bf149a16,train/f6300fa46400.png,train/d6f5801c08d9.png,1,1.842743
57acae663e85,train/c5fbbe408e4f.png,train/d54f84d5062f.png,0,1.681573
57c20c4141f4,train/683d2871d237.png,train/9a9f9b2d1c6e.png,0,2.173598
57d3c0355a88,train/c51034b5e035.png,train/478b0f341666.png,0,1.484451
58223bd271a3,train/5b9ec7a049be.png,train/b74b979d0bd4.png,1,1.673305
598400fb13f5,train/fc5f4a7b6bdd.png,train/da05b8d60f95.png,0,1.458479
59a72f0ce800,train/6c59e47d7966.png,train/d63146502ff0.png,0,2.337886
59d6b90cec6f,train/dcf598f767f2.png,train/e89e9fba7933.png,1,1.347012
5a54a411a2a8,train/520271d7b607.png,train/05b47a0a64be.png,0,3.0
5b780666fe73,train/5e63de81560b.png,train/1fe19bf2843c.png,1,1.796141
5c1ddd781aae,train/0948ccf07aad.png,train/273934df52a9.png,0,1.490998
5c307227abe9,train/2314adcbe8f8.png,train/1c15d6795cfd.png,0,2.903871
5c35e4f22946,train/bd7b96224842.png,train/c170e7b214df.png,1,1.528341
5c54328ee5bf,train/472e839eae1e.png,train/0b5d58141b4a.png,0,1.479102
5c671102f178,train/16aded602696.png,train/e68ac09b909c.png,1,2.08062
5c724d505001,train/c46c7160793a.png,train/0ec07e4b20d7.png,1,1.779149
5c8c3ce46147,train/8802162ab6d6.png,train/129840bf3ea1.png,1,2.331794
5d046ba26095,train/e68ac09b909c.png,train/9cb387e0a654.png,0,2.454166
5d4f6c4936d5,train/abb5fc143a31.png,train/2542a2c17fe7.png,1,1.711101
5dfce3a38e53,train/5368246a3c0c.png,train/39e28cae30c0.png,0,1.946558
5e05ce6390e9,train/81838edbec0e.png,train/65d22a114b99.png,1,2.534812
5e1543828cea,train/16aded602696.png,train/ded746851d27.png,0,1.647633
5e19e724e9e3,train/c2e10d2aa1d7.png,train/926fab703485.png,0,2.327975
5e4d2ff3ff67,train/a1f3907e1e5d.png,train/1def98c11450.png,1,1.511703
5e6eb0e1df6d,train/cd284e56f6ee.png,train/7790c8a5a55f.png,0,1.485247
5ebb9987b63a,train/d9bb5d98a384.png,train/f11ff4a07cfd.png,1,3.0
5ec7d690f6b6,train/73f51f1ddc7b.png,train/0948ccf07aad.png,1,2.862012
5ef305c686e2,train/2314adcbe8f8.png,train/7bd0c08a8ca6.png,0,3.0
5f28a8927f77,train/250406e090ed.png,train/16b1cff634cf.png,0,3.0
601bd189cf11,train/3cf1ea0066c2.png,train/b0f4c9e2ee13.png,1,2.441483
6047d6eca812,train/348cb9308e77.png,train/4d220359234c.png,0,2.68884
60590fd0f3b3,train/e30cab0ff7d6.png,train/7b1e82283712.png,1,2.747472
60811c94d8a0,train/a8156bcac10a.png,train/bd7b96224842.png,1,2.361004
60986ce0d59d,train/1e40e427e42b.png,train/5eb03b631b42.png,0,2.440603
60a0c320cc7b,train/d1168e94cc39.png,train/cce82c26ff81.png,1,1.781215
60b3dfe47b58,train/52c545c3c82f.png,train/6cd41f6f1b60.png,1,2.054633
60e1d6c7b463,train/2acc219774fb.png,train/258cc348624e.png,1,2.542092
60e5ba2b5724,train/5a3e2bbe8c24.png,train/5b86189ce517.png,1,2.166145
61278ea9fa1b,train/d46cd8d4356c.png,train/453d097017fe.png,1,1.469772
613745ab74b2,train/129840bf3ea1.png,train/e6714cc0d767.png,1,1.765968
6137574a0743,train/7578570b0fbd.png,train/df6eb18a5a49.png,0,1.939746
613f40c85e1f,train/3fe2c504bd33.png,train/a9488dd8f071.png,1,3.0
616982a7248c,train/53940e3f5287.png,train/ca61256354a5.png,1,3.0
618de6b00181,train/b78b53c91b1e.png,train/320478842a08.png,1,1.88163
61c1a931e5f1,train/31df3ea2cfc7.png,train/8acf86069555.png,0,1.530965
627d6e373eb6,train/703b2b403c4d.png,train/5587d4f43086.png,0,2.510721
62dc803388c6,train/a9a023569dcd.png,train/d1e9bb5c5570.png,1,3.0
62ecc6ed0ec1,train/9ded2ad1d15e.png,train/65a89221dbc0.png,0,1.959233
62fee8fe633d,train/c38f6fa475a8.png,train/7394d42332ac.png,1,3.0
6306c77e18a5,train/2a6bbefb777e.png,train/4284a0d98ae3.png,1,3.0
6368fa32755b,train/12c55ae01f30.png,train/e55cbc33c860.png,0,3.0
6395b758ae19,train/f732283f079a.png,train/82ac43a83b11.png,0,3.0
63d9ce1ab386,train/12aa00ec78ab.png,train/848ee6e05dc3.png,0,3.0
646b58e4d56b,train/c50d0f6b5def.png,train/e6368f8f403d.png,1,1.662729
64cbf583c26e,train/12aa00ec78ab.png,train/e6714cc0d767.png,0,1.597909
65016cc87585,train/5f9eac72ae0f.png,train/d1e9bb5c5570.png,1,3.0
650c12dbc63c,train/03052fc5381e.png,train/2052635950de.png,0,1.922984
652ca4dd3132,train/972da3f60fe5.png,train/ad885d94c99d.png,1,2.181665
65493f3d47b4,train/138b1bc0821f.png,train/eda558d6b93d.png,1,1.864193
656181948a25,train/608a3de541ff.png,train/cce5d39aabac.png,1,1.683366
65e457b85d08,train/3efe0d4b9a6d.png,train/79d47f8ccf09.png,0,1.803782
66c044c1be7f,train/453d097017fe.png,train/443b38d52318.png,0,1.404364
66ebad94ab69,train/e93189ace82f.png,train/c5fbbe408e4f.png,1,2.834932
67974a152801,train/1d745fc829e1.png,train/18b717158521.png,1,1.395872
67bdc2557fc8,train/a35fc11eadb3.png,train/9ded2ad1d15e.png,0,2.483921
67c96f3f046f,train/6d37b8c81f2e.png,train/9ded2ad1d15e.png,1,3.0
68222cde7fe6,train/bfb3b55e81d6.png,train/6fda56bc3a71.png,1,2.394748
6886e4cbb32f,train/7790c8a5a55f.png,train/808910272136.png,0,2.733878
688795a4c471,train/a2f905c1f04a.png,train/e6714cc0d767.png,1,2.390078
6911296db093,train/27424dc18b3f.png,train/4d49b53bdf61.png,0,2.613985
692759f0f15a,train/e68ac09b909c.png,train/9c61510b50fc.png,0,3.0
69748918cef9,train/8935cc996c61.png,train/095b8aef95ed.png,1,1.978701
6988673f8158,train/18b717158521.png,train/e08406ca19fa.png,1,2.336027
69e4038e67b9,train/265dded1f1af.png,train/525f435a9301.png,0,2.469199
6a0b02aba2a4,train/5ec754002658.png,train/b7a2959f868b.png,1,1.372716
6a72e18f181c,train/7e49d0542c72.png,train/d330f9c071bb.png,1,2.042881
6a7a584220e3,train/4a57879e2e1d.png,train/972da3f60fe5.png,0,3.0
6a835326c2f6,train/ce7c28206e39.png,train/803ee335f263.png,0,1.415244
6b1a8974282f,train/258cc348624e.png,train/655980fa13df.png,0,1.472716
6b6632d42263,train/46f0439b13a3.png,train/d981528d6d9c.png,0,2.52172
6b8044a649d2,train/00b4f11bf9a9.png,train/52c545c3c82f.png,1,2.088885
6b93670333c9,train/5f614aa34943.png,train/e08406ca19fa.png,1,2.419134
6c7fe8a750f3,train/5c4f193b437d.png,train/ab7bd8339143.png,0,3.0
6cc12177577e,train/17c1db08f44a.png,train/b4c159a6b638.png,1,3.0
6ce70b3ac4c2,train/6584a04f3e49.png,train/7a48f3f479d7.png,0,1.62964
6d2edaaf299e,train/cce5d39aabac.png,train/b832736627e8.png,0,1.503363
6d30aa606b51,train/1d745fc829e1.png,train/7ded9f987872.png,1,1.749566
6d6e972cc72b,train/26ee662272c7.png,train/b3085790759e.png,0,1.990258
6e03251ea7eb,train/9af71ee4e995.png,train/8096ad16c66f.png,1,2.045013
6e0561cfcec4,train/f3a11dbc8d1c.png,train/5ad7dc8da0b7.png,0,1.552218
6e497bb2affb,train/ca61256354a5.png,train/d4455ea2f880.png,1,2.369918
6e897c2d948b,train/3e0cb5147ade.png,train/d5148f7a675b.png,0,3.0
6eaee6fe55c6,train/b4c159a6b638.png,train/15c33c45d045.png,0,3.0
6ecc17df1bc5,train/095b8aef95ed.png,train/1078e85cccbf.png,1,2.115099
6f2cd66c2efd,train/bcb7e4435708.png,train/aacc8c0d817f.png,0,1.633695
6f32d69c80ac,train/bd7b96224842.png,train/40d1173d6883.png,0,3.0
6f83e00c980f,train/3900a09302d9.png,train/afffce92e575.png,1,1.526129
6fd0f5bca929,train/24720425a49f.png,train/acff629b73dc.png,0,1.968336
6fd69fdff21f,train/6ef916d4314c.png,train/d6f5801c08d9.png,0,3.0
7006576c6f85,train/8f492d2d53eb.png,train/d4717c851d68.png,0,1.784507
7061f7813569,train/e1b965c8f45a.png,train/4969a38ce815.png,0,1.626905
707bcb905b35,train/554a3ffc18a2.png,train/265dded1f1af.png,1,3.0
710603266c66,train/6d37b8c81f2e.png,train/140857456ce3.png,1,3.0
712f2d562315,train/f732283f079a.png,train/20b532d1665d.png,0,3.0
713bc6e1c2a6,train/e64ab0cebecb.png,train/c8936debc577.png,0,3.0
71666fbcee17,train/453d097017fe.png,train/e89e9fba7933.png,1,2.714638
7188ceb5eab8,train/9ded2ad1d15e.png,train/96bd89871ec9.png,1,2.040758
718f358a0e7b,train/c3f46e67924e.png,train/e472e80ba800.png,0,1.644616
719a375959ad,train/3597334944c4.png,train/fec8cd315790.png,0,1.395929
71aa4fc92362,train/cee6ef105312.png,train/53274160bd4b.png,0,1.449137
71e22b90d8f1,train/52c545c3c82f.png,train/ae1d670695df.png,1,1.53744
730305e783be,train/ccfa986aad95.png,train/d5148f7a675b.png,0,2.599721
7309794eb266,train/c8fa26338155.png,train/ab7bd8339143.png,0,2.729961
73a45b53ac11,train/4316f491aa61.png,train/2e7e234c4861.png,0,1.95591
73f8355049ea,train/ae6c2c8e7a8f.png,train/15c33c45d045.png,0,2.218736
73fbb800680e,train/a4d194b1ebdd.png,train/d0722b4c4ef0.png,1,3.0
73fe67dd8b1b,train/603fb448f2d8.png,train/4ad0fffc0a3d.png,0,2.223456
7455efc5dae3,train/0bae4da9c1a5.png,train/de6db38941fb.png,0,2.074469
747eda7d0b10,train/9c4d08425401.png,train/700bf1f7f2ee.png,0,3.0
756c1073e21e,train/53274160bd4b.png,train/2542a2c17fe7.png,1,3.0
756e49cf8480,train/80af1a2deff2.png,train/46be031dcf82.png,1,1.809348
75763b301d9c,train/5244bb9ab834.png,train/94dc91c905d5.png,0,2.002006
75776e3c9b4e,train/d46cd8d4356c.png,train/d32fba536fb1.png,1,2.522385
75f03600f92f,train/7578570b0fbd.png,train/2f23f0ce1bee.png,0,2.553154
76201ad92e71,train/76278c24d002.png,train/46f0439b13a3.png,0,1.6932
763d1e995155,train/603fb448f2d8.png,train/72574741a3a9.png,0,3.0
768051afcb08,train/2525736b03c5.png,train/347f6bc8e8d1.png,0,1.722965
779d63b0b1e5,train/a7a2be4cf114.png,train/7772d4510645.png,1,2.293391
786e9d541e72,train/273934df52a9.png,train/041d4a0ede20.png,0,1.915579
78d211155486,train/be21b786e922.png,train/4b219931e422.png,1,3.0
7984f2133fbc,train/d41602c6bfb8.png,train/2314adcbe8f8.png,1,2.792217
79f613d1289f,train/2e79e05bb1af.png,train/2299d4e91b13.png,1,3.0
7a10b966767e,train/65b5b4d55a39.png,train/3cf1ea0066c2.png,0,3.0
7acfac1970dd,train/a8156bcac10a.png,train/68b186f82f1c.png,1,2.767499
7b2eac9a3bd7,train/a9a023569dcd.png,train/3738504d9141.png,1,1.719662
7b84661fb876,train/d31d93071bf1.png,train/b4ae30bae7cf.png,0,1.446298
7c2b830c5c7a,train/ac619fdb5c8c.png,train/df6eb18a5a49.png,0,1.4703
7c50743dd92c,train/138b1bc0821f.png,train/a5815abc6b11.png,0,2.255318
7c79307c506f,train/16b1cff634cf.png,train/c722801454b3.png,0,2.287826
7cc53a7d5b4b,train/91765c4d6f78.png,train/b6165ea5de29.png,1,3.0
7d20ccc30bca,train/96bd89871ec9.png,train/1df691ca465e.png,1,1.523305
7da58bbd9ae0,train/65a89221dbc0.png,train/4a74cb75d969.png,1,2.860144
7f9e493d813c,train/c170e7b214df.png,train/95ce558fab48.png,0,3.0
7fec40ecc7fe,train/c5fbbe408e4f.png,train/e30cab0ff7d6.png,0,3.0
802ef0e95d64,train/c170e7b214df.png,train/e3424f1d952f.png,0,1.448815
8085d4728de3,train/c02c6b365534.png,train/0b5d58141b4a.png,1,2.505628
808d436f208c,train/7e49d0542c72.png,train/993ddfafec05.png,1,1.305639
80a53c0db9fc,train/10feceb971a8.png,train/3fd2105082e1.png,1,1.739041
80b9d706cdb9,train/61c665bb5de5.png,train/94391069f727.png,1,1.313812
80c1bd63093b,train/4d5edce4369d.png,train/b45d2e4142de.png,0,1.859772
810ceb9739e5,train/2542a2c17fe7.png,train/3c9e329f137e.png,0,2.195951
8130116e6769,train/517bbf31c15b.png,train/12fc1e7940a6.png,1,1.780967
8154ab145bd6,train/e3424f1d952f.png,train/f6300fa46400.png,0,3.0
8158b6401ebb,train/3b73da8bed20.png,train/5f9eac72ae0f.png,0,2.869659
81b8b4398caf,train/10e98c945951.png,train/411fc7a30835.png,1,1.809626
81de7d95bd91,train/8acf86069555.png,train/1d745fc829e1.png,1,1.868526
820487a3c49e,train/be21b786e922.png,train/08e5435eb3be.png,1,2.062266
8242ab3ced3f,train/2715fcbf8da5.png,train/0b2cf1c579d2.png,0,2.477168
824ac67f12aa,train/411fc7a30835.png,train/2824380c416c.png,0,1.710944
82762ddcc3e1,train/4969a38ce815.png,train/e93189ace82f.png,0,2.415918
82f71baffe40,train/cc72859d3060.png,train/b6165ea5de29.png,1,3.0
8386246dcf9b,train/4594b7366b94.png,train/2c127236ab35.png,1,1.980948
838be0a22d49,train/a7a2be4cf114.png,train/926fab703485.png,0,2.631013
849bd3ecadfd,train/6fda56bc3a71.png,train/2052635950de.png,0,1.367158
849bd925eb78,train/bd7b96224842.png,train/e407b1365599.png,0,2.106048
856ae056d2f9,train/32813ca073a4.png,train/f3a11dbc8d1c.png,0,1.74509
85b56b1dd7c9,train/80af1a2deff2.png,train/9c4d08425401.png,1,2.384786
85b76619f8d3,train/808910272136.png,train/b25918759b24.png,1,3.0
85d22d1abc84,train/e1b965c8f45a.png,train/a2050c46600e.png,0,2.309367
86a7995239ad,train/8f492d2d53eb.png,train/425305860748.png,0,1.775718
86cb205e2902,train/ded746851d27.png,train/64caa22cfaef.png,0,1.387599
8708ebe1327a,train/6f999750c2a0.png,train/cb3933aef956.png,1,3.0
872ef9dbbbca,train/83c20f7f825d.png,train/d4717c851d68.png,0,3.0
8765270d1ed7,train/b78b53c91b1e.png,train/9774bf8e93f2.png,1,2.368204
87a892b468f1,train/c51034b5e035.png,train/c170e7b214df.png,1,1.529628
87b3a39ac4b1,train/495b13bdb7e2.png,train/c8fa26338155.png,1,2.043456
89604a3c4df6,train/e08406ca19fa.png,train/72574741a3a9.png,0,2.692121
8977f6e1506c,train/46f0439b13a3.png,train/65a89221dbc0.png,0,3.0
8a913c3b645c,train/9f5d6b33dabd.png,train/ea26d91ff947.png,0,2.316477
8af3cb08c62d,train/d1168e94cc39.png,train/cce5d39aabac.png,1,3.0
8b54f5d6f922,train/dcf598f767f2.png,train/18b717158521.png,0,2.676461
8b9db88a6663,train/c8936debc577.png,train/8f492d2d53eb.png,1,1.321885
8bf7d2f1ebf5,train/95ce558fab48.png,train/603fb448f2d8.png,1,3.0
8c17a53e2f52,train/ec4006d1ec5d.png,train/faa77f49042f.png,0,2.847853
8ccf470fa0fe,train/a7a2be4cf114.png,train/4a57879e2e1d.png,1,1.774467
8cda4a2763fe,train/d31d93071bf1.png,train/2e7e234c4861.png,0,2.467633
8d566d56af30,train/e08406ca19fa.png,train/18121bdcf50c.png,0,1.412193
8d667a26890c,train/6a71152e032b.png,train/1847002a9c97.png,1,2.01547
8d7614cc5c3a,train/aa6a66776046.png,train/20a9af014d3e.png,1,1.804354
8d8570010300,train/46f0439b13a3.png,train/8e93d0921317.png,0,2.804271
8da6c2d9134b,train/b832736627e8.png,train/c8a147fc7b04.png,0,3.0
8e42393504fc,train/10feceb971a8.png,train/96bd89871ec9.png,1,1.797991
8ed9dde163c9,train/dc91713f9d30.png,train/fa52e81d5e8f.png,0,2.555711
8efd6951f03d,train/d1168e94cc39.png,train/808910272136.png,0,1.697017
8f493cee6e6b,train/24720425a49f.png,train/603fb448f2d8.png,1,1.561083
8f709b960142,train/4594b7366b94.png,train/2542a2c17fe7.png,1,2.390814
8fa6d84edd4f,train/5ad7dc8da0b7.png,train/2824380c416c.png,1,1.580704
8fbf55e894a6,train/b6165ea5de29.png,train/5ae368661421.png,0,3.0
903d3700d15f,train/3900a09302d9.png,train/265dded1f1af.png,1,3.0
90b9561f8fbb,train/a1d70e5205bf.png,train/64caa22cfaef.png,0,1.648066
90c8e28726fd,train/90280e9b9efd.png,train/8acf86069555.png,0,3.0
910bbbe517dd,train/efee392e4e3e.png,train/57b1d7431851.png,0,1.853014
910fafb7ec98,train/2824380c416c.png,train/9bcb27fa1a23.png,1,1.739481
91513df5d308,train/16aded602696.png,train/efebc27a99a8.png,0,1.655876
91d69ab9f5d1,train/495b13bdb7e2.png,train/61c50f7e25e6.png,0,1.81944
922b0a9aa814,train/b3ec0f086288.png,train/a1fdca62208b.png,0,2.248055
92d29641ff4d,train/fe59e5638e53.png,train/40d1173d6883.png,0,2.515545
93b1eb6e9410,train/f219d600da12.png,train/926fab703485.png,0,1.723804
93b2807802a6,train/a5815abc6b11.png,train/a6aa43760730.png,1,3.0
93f4e08a52f0,train/b78b53c91b1e.png,train/5a87709d02c5.png,0,2.292196
94242a484517,train/10feceb971a8.png,train/2e9db0236bfa.png,1,2.07256
946424533490,train/7e797952187d.png,train/520271d7b607.png,1,3.0
94e846eed4de,train/803ee335f263.png,train/0cb9e66a19ec.png,1,1.55408
94ed2df8f46a,train/5a66d2046038.png,train/9c61510b50fc.png,0,3.0
95631ea7fff0,train/0288002b40b8.png,train/ae6c2c8e7a8f.png,1,1.322009
95fcbce9d628,train/d4717c851d68.png,train/6186f6d20df8.png,1,1.405774
96b2741f08f0,train/1847002a9c97.png,train/4d49b53bdf61.png,0,2.095327
9727a14b995e,train/3dbf84dfc49b.png,train/1c15d6795cfd.png,1,1.450831
975bd9837a02,train/de0a552d70a6.png,train/138b1bc0821f.png,0,1.349857
976172f9d280,train/cc9424caea2f.png,train/501d558a4a2d.png,1,2.167551
9778d3ae1799,train/2824380c416c.png,train/c510069c3587.png,1,1.936304
979d1634827e,train/5368246a3c0c.png,train/cce82c26ff81.png,0,1.75014
97df9dd6d042,train/65d22a114b99.png,train/e99c7849570a.png,0,2.465222
9802f657c12b,train/9a9f9b2d1c6e.png,train/a1f3907e1e5d.png,1,2.690287
980c29fda0ed,train/fa52e81d5e8f.png,train/7772d4510645.png,1,3.0
98153e599889,train/4beb8bf87cd2.png,train/a00cfeb6e2ec.png,0,1.417713
985ba4a4df6d,train/c48e9fe910fd.png,train/32813ca073a4.png,1,2.674756
98c59a59c2fa,train/443b38d52318.png,train/059a66bf9459.png,1,1.61503
98e2bcdf64ca,train/23c6309aa870.png,train/3cf1ea0066c2.png,0,1.638851
99056f32cd2e,train/5a66d2046038.png,train/d981528d6d9c.png,0,2.742518
994d12f72ff8,train/1df691ca465e.png,train/e0fe5ab3001d.png,0,2.409852
9978df9ebfc0,train/2acc219774fb.png,train/784409c63fa6.png,1,2.706701
999b0f6c615c,train/d46cd8d4356c.png,train/6254654b5857.png,1,2.565699
99d09e99ce0c,train/5244bb9ab834.png,train/10feceb971a8.png,0,1.933502
9acf9ccdfe22,train/7bb0cb1e9159.png,train/5f0b3c6cd888.png,0,1.436633
9bac6cc8a9ff,train/320478842a08.png,train/bb26774cc0b0.png,0,1.693877
9c0a1b7d864d,train/cc9424caea2f.png,train/a1fdca62208b.png,1,1.317568
9c80abe670c8,train/23c6309aa870.png,train/5243e0e9d958.png,0,1.332511
9d4b7983e15a,train/20f7c370c666.png,train/848ee6e05dc3.png,0,3.0
9d919d16e732,train/250406e090ed.png,train/3fe2c504bd33.png,0,3.0
9dbf579dee83,train/9c61510b50fc.png,train/411fc7a30835.png,1,3.0
9e234bb8ce03,train/c8fa26338155.png,train/9f5d6b33dabd.png,1,1.810154
9e6dc2627c32,train/0288002b40b8.png,train/f35b983c9bac.png,1,1.842249
9ee040366e73,train/4a74cb75d969.png,train/31efbc34dffa.png,1,1.418382
9f31552bc4fb,train/de6db38941fb.png,train/bb6efe62f4e0.png,1,3.0
9f4862ce5c47,train/0c51a96fb829.png,train/46be031dcf82.png,1,2.146235
9f8cb3dfefed,train/611d6ba28e9a.png,train/700bf1f7f2ee.png,0,3.0
9fe594ebe0ba,train/f82f08e205ac.png,train/26ee662272c7.png,0,1.784013
a0082cce2545,train/2314adcbe8f8.png,train/da05b8d60f95.png,0,2.482713
a04fd4c02670,train/7a48f3f479d7.png,train/c50d0f6b5def.png,1,1.526799
a0ac45dbd0a3,train/7575c3b98ba4.png,train/0d6c113a0ec1.png,0,1.420696
a0ec7a19b8bb,train/0d6c113a0ec1.png,train/e9aa77bf5a97.png,1,2.072537
a10d15b08d9c,train/b65a85c38909.png,train/c50d0f6b5def.png,1,1.341751
a114de2cf767,train/2e7e234c4861.png,train/5587d4f43086.png,0,1.962335
a166f79202ca,train/2715fcbf8da5.png,train/9064f827e154.png,1,1.908551
a17829274f54,train/9bcb27fa1a23.png,train/c8e101af7a94.png,0,1.677023
a17d17da7f62,train/12aa00ec78ab.png,train/31efbc34dffa.png,0,1.405198
a186ef447bdc,train/00b4f11bf9a9.png,train/03052fc5381e.png,1,3.0
a1db65714042,train/32813ca073a4.png,train/b6165ea5de29.png,1,2.177917
a28936df9a00,train/7782f907bad6.png,train/106d7bfbaa89.png,1,2.033144
a2c6b5185ba8,train/5ec754002658.png,train/73de5a66902b.png,1,2.770814
a2d56cdd68d3,train/b87034e6dffe.png,train/7578570b0fbd.png,1,1.867937
a2dc7f23063d,train/3cf1ea0066c2.png,train/a93380332d6f.png,1,2.063369
a310c5bae169,train/64caa22cfaef.png,train/5a87709d02c5.png,0,2.198128
a330c928d09d,train/6d37b8c81f2e.png,train/61c50f7e25e6.png,1,2.626787
a37a97815898,train/7e797952187d.png,train/ba77507fbe6d.png,1,2.365266
a474e714b5ae,train/b6165ea5de29.png,train/68c6cc6b0b62.png,0,3.0
a4f8136158df,train/4be27a89bc64.png,train/d4447d52a2a7.png,0,2.381123
a50a02e26ede,train/f732283f079a.png,train/cd253afcb9f0.png,0,2.588064
a510aff1158f,train/0b2cf1c579d2.png,train/eb9a2d58de78.png,1,2.653691
a521871504d1,train/f11ff4a07cfd.png,train/a00cfeb6e2ec.png,0,2.089278
a58f5dc39ac4,train/2052635950de.png,train/2314adcbe8f8.png,1,2.829841
a64f15cc523b,train/e472e80ba800.png,train/347f6bc8e8d1.png,1,2.843436
a6ba370e2075,train/7782f907bad6.png,train/76278c24d002.png,1,3.0
a6cc12e2578b,train/0cb9e66a19ec.png,train/a5815abc6b11.png,0,3.0
a742d586a2de,train/6cd41f6f1b60.png,train/76278c24d002.png,1,2.025444
a76b78f57028,train/517bbf31c15b.png,train/7bd0c08a8ca6.png,0,1.43476
a7d1a830a8fc,train/304647d71a76.png,train/2542a2c17fe7.png,1,2.175141
a7f1dc611568,train/e1b965c8f45a.png,train/5d1f2e3e57af.png,0,2.77383
a83c2a76feaf,train/00dac88c0068.png,train/abb5fc143a31.png,1,1.933972
a8c0f70ee29a,train/24720425a49f.png,train/40d1173d6883.png,0,3.0
a9202d5ed186,train/7080842827a0.png,train/c54506eaee14.png,0,2.974853
aa63adaa6ca5,train/554a3ffc18a2.png,train/a1f3907e1e5d.png,1,2.02219
aa6b2a992f5e,train/304647d71a76.png,train/d7ad8956438c.png,1,1.963373
aac3dd56fbd3,train/3ff9f950907d.png,train/7ded9f987872.png,1,1.432956
aac8d4c41f79,train/79304f30639a.png,train/a0adade5a2b5.png,1,2.808055
ab30dbf6a97a,train/3ddb922cb714.png,train/7b1e82283712.png,1,2.710684
ab337fe9d7bf,train/b4c159a6b638.png,train/7578570b0fbd.png,0,1.472128
aba1187b025c,train/e08406ca19fa.png,train/e74e51437b10.png,0,2.686285
abc8c1304830,train/efebc27a99a8.png,train/538d29228600.png,1,1.435283
ac182f631209,train/33d4754b1bfc.png,train/7cd3be5fa6d3.png,1,1.376149
ac3f942461ed,train/2bca683108c4.png,train/58f26ae301e2.png,0,1.657997
ac4820f092e5,train/ea823e7e40cd.png,train/82ac43a83b11.png,0,2.041431
ac6fcd22f101,train/220ef2ef47da.png,train/784409c63fa6.png,1,2.619664
ac76c0c23c32,train/4d49b53bdf61.png,train/f1794a9be487.png,1,2.99779
acab32192f01,train/265dded1f1af.png,train/0d6c113a0ec1.png,0,2.546156
acb8a9291d8a,train/ea26d91ff947.png,train/265dded1f1af.png,1,2.561604
ad4792bba4fc,train/655980fa13df.png,train/2bca683108c4.png,0,1.429709
ad5a9964309d,train/a1d70e5205bf.png,train/de0a552d70a6.png,0,1.536352
adb2c3e467d5,train/96cb5d635b8f.png,train/fec8cd315790.png,0,1.417291
add2127ba409,train/2a6bbefb777e.png,train/2acc219774fb.png,1,2.666678
aeb5a2197018,train/d330f9c071bb.png,train/ea823e7e40cd.png,0,2.16263
aeb71e6c23ea,train/a1fdca62208b.png,train/4d865f8928e5.png,1,1.694735
af03fbc2295d,train/b45d2e4142de.png,train/4a57879e2e1d.png,1,2.785233
af12b995a83f,train/7a48f3f479d7.png,train/79d47f8ccf09.png,0,1.58647
af281d14efbd,train/2b516f2e72bf.png,train/2bca683108c4.png,0,1.777184
af4e18d42f84,train/65a89221dbc0.png,train/4305adb36e05.png,1,1.831194
affc9870d2f9,train/c46c7160793a.png,train/ab7bd8339143.png,0,1.543067
b04b42328a3b,train/041d4a0ede20.png,train/2639a62a89df.png,1,2.845116
b06e17ffa9d1,train/e99c7849570a.png,train/fb880e60de87.png,1,2.137049
b07b89c9355f,train/700bf1f7f2ee.png,train/de0a552d70a6.png,1,2.660785
b0949d496f89,train/bc1f126f4e2f.png,train/9acacc30545e.png,0,1.37642
b0ae87f3dbfa,train/d4d9ce7d0fc1.png,train/3e0527cc9cca.png,0,3.0
b0efd1c7cd18,train/31efbc34dffa.png,train/cce82c26ff81.png,0,2.32464
b0f1bb7c7492,train/73f51f1ddc7b.png,train/5c0d44fe32e5.png,1,3.0
b123489dc8e4,train/7772d4510645.png,train/ea26d91ff947.png,0,2.646253
b138415cbfcf,train/608a3de541ff.png,train/6d37b8c81f2e.png,0,3.0
b16afd0fedf4,train/5d1f2e3e57af.png,train/d330f9c071bb.png,1,1.685988
b214ccbe2f3f,train/20b532d1665d.png,train/c45bcaa98379.png,1,2.811061
b235d9851fc5,train/bcb7e4435708.png,train/611d6ba28e9a.png,1,2.489827
b25284db3732,train/5f0b3c6cd888.png,train/8c7688352be8.png,0,1.678555
b253dc045b06,train/c50d0f6b5def.png,train/5a66d2046038.png,1,2.146765
b25c73b8b522,train/96bd89871ec9.png,train/61c665bb5de5.png,0,1.722524
b26477f2f9b0,train/5ae368661421.png,train/c722801454b3.png,0,2.765488
b27288f9edb8,train/33d4754b1bfc.png,train/6f999750c2a0.png,0,2.026831
b2acacc123e1,train/95ce558fab48.png,train/d1e9bb5c5570.png,1,3.0
b376be60e648,train/041d4a0ede20.png,train/46be031dcf82.png,1,2.677928
b4470e11e33b,train/c46c7160793a.png,train/ec4006d1ec5d.png,1,3.0
b450d6bfa9e0,train/e1b965c8f45a.png,train/b5595f85bcf6.png,0,2.388572
b4fc5b498a52,train/3b73da8bed20.png,train/3efe0d4b9a6d.png,0,2.620431
b5014b556d4b,train/6fda56bc3a71.png,train/0b5d58141b4a.png,1,2.000224
b51b13923b9f,train/5b86189ce517.png,train/e3424f1d952f.png,1,1.995919
b5968db0e1d4,train/57b1d7431851.png,train/9cb387e0a654.png,1,1.854937
b5dd4fd6e36d,train/4eaea36ca08d.png,train/7772d4510645.png,1,3.0
b5e160d4d97b,train/5a3e2bbe8c24.png,train/7f3be4668aba.png,1,2.07334
b5e4b6e2d9fc,train/c02c6b365534.png,train/e6368f8f403d.png,1,2.207118
b5f13081b4e6,train/ea26d91ff947.png,train/4d49b53bdf61.png,0,1.823647
b628b579f390,train/10dce3bd88df.png,train/7659e786e977.png,0,3.0
b6adb82d39ad,train/33d4754b1bfc.png,train/57b1d7431851.png,0,1.670757
b7452eaabed4,train/0ce815531199.png,train/b3ec0f086288.png,1,2.13137
b747daad1449,train/4594b7366b94.png,train/095b8aef95ed.png,1,1.56831
b74be3af0ea7,train/8096ad16c66f.png,train/24f52e263782.png,0,1.987815
b7d5d4f88004,train/7790c8a5a55f.png,train/40d1173d6883.png,0,2.531295
b87917c52851,train/0e62499b4ea4.png,train/e0b8a4778b34.png,1,2.910327
b89d88c0ba9a,train/e407b1365599.png,train/e0b8a4778b34.png,1,2.598651
b8ef2110e3a4,train/cee6ef105312.png,train/808910272136.png,0,1.942914
b8f2daf07422,train/d981528d6d9c.png,train/6186f6d20df8.png,0,1.370937
b9288d2c9ecf,train/4d865f8928e5.png,train/c8a147fc7b04.png,0,2.443358
b9b53b3117eb,train/a0adade5a2b5.png,train/26034945cf1a.png,0,2.756197
ba5b9c2c92bf,train/faa77f49042f.png,train/106d7bfbaa89.png,1,2.018197
ba885375d264,train/6f999750c2a0.png,train/6d37b8c81f2e.png,0,3.0
baf2f58ca41d,train/3597334944c4.png,train/6186f6d20df8.png,0,2.709872
baf6dbc21c95,train/b0a18f82ef8b.png,train/0b5d58141b4a.png,1,2.929364
bb0689ee85eb,train/d6f5801c08d9.png,train/993ddfafec05.png,1,1.494479
bba2f4269c42,train/472e839eae1e.png,train/3fe2c504bd33.png,0,3.0
bbdb15d9d9e2,train/05610dfdc4ea.png,train/e55cbc33c860.png,0,3.0
bc69a115417e,train/f732283f079a.png,train/1c15d6795cfd.png,0,3.0
bc8317672bb0,train/79304f30639a.png,train/c3f46e67924e.png,0,1.485193
bcc3594314c4,train/b5595f85bcf6.png,train/c5fbbe408e4f.png,1,2.180681
bcdb7b177a7c,train/aacc8c0d817f.png,train/b3085790759e.png,0,2.074432
bcee2f3c637c,train/24720425a49f.png,train/cee6ef105312.png,0,2.895044
bd2728a7adc7,train/d5148f7a675b.png,train/20f7c370c666.png,1,3.0
bdf20bdaffe3,train/5e215bf40e06.png,train/a1fdca62208b.png,0,2.787155
be1c3b77e583,train/69abc0ad90da.png,train/a626b9bdda47.png,1,2.686841
be812e533fdd,train/de6db38941fb.png,train/f36685df6162.png,1,3.0
bf3e73c8f370,train/b07e9310aa4f.png,train/059a66bf9459.png,0,1.651999
bf5a2dbc7a40,train/e6ebeb832405.png,train/d2ecc1b70776.png,1,3.0
bf67770ab51d,train/520271d7b607.png,train/4a57879e2e1d.png,1,1.314819
bfa9967f6dd5,train/ba77507fbe6d.png,train/632746f7ce88.png,1,1.340779
bfae68e707ae,train/1d745fc829e1.png,train/96cb5d635b8f.png,1,2.731489
bfbb2343cf20,train/52ab95bc780c.png,train/bb6efe62f4e0.png,1,3.0
bff8b6d994f1,train/81838edbec0e.png,train/33d4754b1bfc.png,1,2.242191
c042d0b91a81,train/603fb448f2d8.png,train/525f435a9301.png,0,2.726288
c049a70d4a10,train/a188cdac2adb.png,train/2da523fb1eb9.png,1,3.0
c0e4aa747205,train/b3ec0f086288.png,train/ca61256354a5.png,0,2.544476
c129cfd5031f,train/f0a01809c765.png,train/f374a24fbcbb.png,0,2.925674
c1bfe1658440,train/ea26d91ff947.png,train/7394d42332ac.png,1,2.455176
c2419fe318cf,train/4594b7366b94.png,train/3b73da8bed20.png,1,2.739064
c2c1b28aec24,train/ea26d91ff947.png,train/f36685df6162.png,1,2.463604
c3204e21f2ab,train/5d3e09237a47.png,train/faa77f49042f.png,0,2.361464
c337433c7a57,train/51b5adb0891a.png,train/bf535ec2a646.png,0,2.497157
c3531ceb1c71,train/5368246a3c0c.png,train/3b73da8bed20.png,1,1.861844
c357857c3082,train/3738504d9141.png,train/c8936debc577.png,0,1.812815
c3a431aed808,train/138b1bc0821f.png,train/dc91713f9d30.png,1,1.499555
c420132536aa,train/fead4782d1d8.png,train/4316f491aa61.png,1,1.621133
c42428d40cc7,train/472e839eae1e.png,train/972da3f60fe5.png,0,3.0
c43cbb11724c,train/5244bb9ab834.png,train/65661ea5f3dc.png,1,1.550192
c52bb2c600a2,train/dcf598f767f2.png,train/0c51a96fb829.png,0,2.827175
c581be2c237a,train/380e0260c144.png,train/3dbf84dfc49b.png,0,3.0
c5c751ef4acc,train/a1fdca62208b.png,train/2824380c416c.png,1,1.438253
c62d2ff55c94,train/495b13bdb7e2.png,train/bb26774cc0b0.png,1,1.486713
c663cfc49fd3,train/80af1a2deff2.png,train/c722801454b3.png,0,2.887864
c72118822cf2,train/632746f7ce88.png,train/32813ca073a4.png,1,1.391341
c7577efb325e,train/8acf86069555.png,train/17c1db08f44a.png,1,1.555146
c80de016f860,train/dc91713f9d30.png,train/1fc3a55a3a5a.png,1,2.474998
c8c59bd42537,train/e64ab0cebecb.png,train/32813ca073a4.png,0,1.910587
c8c85fbcecc8,train/a2050c46600e.png,train/554a3ffc18a2.png,0,1.736992
c8d90d991904,train/632746f7ce88.png,train/cab8136d2e19.png,0,1.914263
c93bd84c7394,train/e9aa77bf5a97.png,train/bb6efe62f4e0.png,1,1.326711
c9e4f410f8bc,train/6cd41f6f1b60.png,train/0d6c113a0ec1.png,0,1.7772
ca0939e82eed,train/53274160bd4b.png,train/c21645961dcd.png,1,3.0
ca4573650735,train/6c91ff6a2d41.png,train/fecd211e738e.png,1,1.956284
ca74b7d25c20,train/7e49d0542c72.png,train/b07e9310aa4f.png,1,2.486355
caa733f55181,train/17c1db08f44a.png,train/2824380c416c.png,1,2.003082
cabb9ea3f50d,train/d6a971eb2eba.png,train/cc7033c71826.png,0,2.154281
cac5f8d1caf7,train/c54506eaee14.png,train/f2ac7fec06d2.png,1,3.0
cad28c0b7a9f,train/9f068aa8f7e2.png,train/bc1f126f4e2f.png,0,1.911684
cae39f24cee6,train/347f6bc8e8d1.png,train/1078e85cccbf.png,1,2.16689
caf5377bde90,train/e89e9fba7933.png,train/e0fe5ab3001d.png,0,2.593884
cb13fed860ff,train/4a57879e2e1d.png,train/059a66bf9459.png,0,1.979974
cb19a2fe68ea,train/a45d9ee7d7ce.png,train/c45bcaa98379.png,1,1.648935
cb465038aaae,train/520271d7b607.png,train/afffce92e575.png,0,2.002799
cc694bdd321f,train/5a66d2046038.png,train/c54506eaee14.png,0,3.0
cc6ce2bcc040,train/a188cdac2adb.png,train/7e49d0542c72.png,1,1.886795
cd62d76c9a6e,train/8802162ab6d6.png,train/5eb03b631b42.png,0,2.112042
cd9104adaa49,train/7bce8d461d87.png,train/4284a0d98ae3.png,0,1.580423
cdd7f0565471,train/d9bb5d98a384.png,train/da05b8d60f95.png,1,2.306407
cdd9e4776abd,train/0ec07e4b20d7.png,train/a35fc11eadb3.png,1,2.288575
ce80f54195b7,train/d41602c6bfb8.png,train/2c127236ab35.png,1,1.921347
cee215291534,train/380e0260c144.png,train/12fc1e7940a6.png,0,1.943672
cf6018cbaf46,train/b4ae30bae7cf.png,train/b6165ea5de29.png,1,2.182663
cfa5e07276b1,train/e93189ace82f.png,train/0ec07e4b20d7.png,1,1.697679
cfb9dbde604b,train/2639a62a89df.png,train/347f6bc8e8d1.png,0,1.503239
d00adb1e55b4,train/fec8cd315790.png,train/b78b53c91b1e.png,0,1.784352
d05419127f1d,train/0b2cf1c579d2.png,train/f219d600da12.png,1,1.421896
d0a801e7a095,train/608a3de541ff.png,train/fecd211e738e.png,1,1.319594
d0aec3a3b95d,train/a626b9bdda47.png,train/16aded602696.png,0,2.084052
d0bda7a0c86a,train/e6368f8f403d.png,train/b0a18f82ef8b.png,0,2.630854
d14949c4b7dd,train/2299d4e91b13.png,train/cd284e56f6ee.png,0,1.974494
d185d83dedf2,train/f219d600da12.png,train/d6f5801c08d9.png,0,1.321493
d19f58a0874d,train/d4447d52a2a7.png,train/f2ac7fec06d2.png,1,3.0
d1b06fa21a43,train/1078e85cccbf.png,train/603fb448f2d8.png,1,1.36448
d1cea6686e80,train/cc7033c71826.png,train/8c7688352be8.png,1,2.724587
d2415155a191,train/5f0b3c6cd888.png,train/95ce558fab48.png,0,3.0
d3ea7dda1ecc,train/fc5f4a7b6bdd.png,train/972da3f60fe5.png,0,3.0
d415ee987189,train/0288002b40b8.png,train/7782f907bad6.png,0,1.793394
d42cfb68c996,train/82ac43a83b11.png,train/a0adade5a2b5.png,1,3.0
d44d48b10316,train/a2f905c1f04a.png,train/8802162ab6d6.png,0,1.707683
d4648d153a35,train/5c90bccdb938.png,train/8802162ab6d6.png,1,1.362598
d4674445fd5b,train/31df3ea2cfc7.png,train/3cf1ea0066c2.png,1,1.416815
d47969f6e3e1,train/a5815abc6b11.png,train/1def98c11450.png,1,3.0
d4a2c62f2562,train/5b86189ce517.png,train/926fab703485.png,0,2.251104
d4c00f237a2f,train/52ab95bc780c.png,train/3738504d9141.png,1,1.718105
d4c0d22223bf,train/0edb1e287a76.png,train/926fab703485.png,0,2.3857
d54049eb5c7d,train/5c90bccdb938.png,train/00dac88c0068.png,1,1.947091
d55c74ccc6a0,train/2639a62a89df.png,train/295d42688bef.png,0,1.726947
d5c585a7fe13,train/03052fc5381e.png,train/3b73da8bed20.png,1,1.794103
d5e2c21d79dd,train/c8fa26338155.png,train/7080842827a0.png,0,2.326348
d5f2a6826a96,train/4305adb36e05.png,train/b25918759b24.png,1,3.0
d67b6328caf3,train/3e0527cc9cca.png,train/0db5c79bb10e.png,1,1.946191
d6a816b4adf2,train/05610dfdc4ea.png,train/ae1d670695df.png,0,1.725865
d7068c20bfec,train/e64ab0cebecb.png,train/82ac43a83b11.png,0,3.0
d745ab7772a8,train/3e0527cc9cca.png,train/c8e101af7a94.png,1,1.761502
d769f2fce235,train/5d3e09237a47.png,train/5a87709d02c5.png,0,3.0
d7afabab6bfa,train/12c55ae01f30.png,train/958081a03dba.png,0,1.679982
d7bf5bc0efea,train/7e9b288f4ffd.png,train/ef64380ba8d7.png,0,2.444737
d8ba50ca2824,train/7b1e82283712.png,train/d2ecc1b70776.png,1,2.026581
d94990ec00fe,train/1847002a9c97.png,train/6d37b8c81f2e.png,0,3.0
d97816d1e971,train/b45d2e4142de.png,train/a188cdac2adb.png,0,1.915892
d9916b6cb077,train/94391069f727.png,train/993ddfafec05.png,0,1.916638
d992ebc334de,train/16aded602696.png,train/ef64380ba8d7.png,0,1.44273
d9bef623015f,train/de0a552d70a6.png,train/9b2efaa0b9a2.png,1,2.066495
da9d441c1e3f,train/e0b8a4778b34.png,train/b0f4c9e2ee13.png,0,1.629232
da9d5090a304,train/9f068aa8f7e2.png,train/58ab23e1edeb.png,0,1.596192
daa96207906b,train/4be27a89bc64.png,train/50a7b4f03e7c.png,1,2.985461
db0dc878e8ef,train/b4ae30bae7cf.png,train/c8a147fc7b04.png,0,2.898734
db3ae68bbae9,train/10feceb971a8.png,train/a0adade5a2b5.png,1,2.235753
db62b7c8a63f,train/a6aa43760730.png,train/7bce8d461d87.png,0,1.948323
dbd6ac5f6a7e,train/3f78e67b4821.png,train/ce7c28206e39.png,0,2.326627
dc2867898d8b,train/24720425a49f.png,train/f374a24fbcbb.png,0,3.0
de69a86d5a1a,train/5b9ec7a049be.png,train/a9a023569dcd.png,0,1.496146
de92dae10dcb,train/335541cfc685.png,train/9f068aa8f7e2.png,1,2.404343
decd01babbda,train/2639a62a89df.png,train/ba77507fbe6d.png,0,1.884396
df3233de6798,train/68c6cc6b0b62.png,train/5d3e09237a47.png,1,2.985159
dfd3a120b137,train/91765c4d6f78.png,train/9491b44c7dba.png,0,1.913909
dffc649e2ee6,train/4beb8bf87cd2.png,train/1d745fc829e1.png,0,2.081488
e016e90ed445,train/9491b44c7dba.png,train/478b0f341666.png,1,2.629991
e02818e3d730,train/f2ac7fec06d2.png,train/23c6309aa870.png,0,1.428496
e04646e8a3f9,train/6c91ff6a2d41.png,train/c510069c3587.png,1,1.463849
e0b9e8b67cf3,train/3efe0d4b9a6d.png,train/e472e80ba800.png,0,2.445551
e13b7757d66c,train/e9a95600d9b6.png,train/03052fc5381e.png,1,1.875632
e147ff4d0dea,train/10feceb971a8.png,train/19ab2a20b571.png,1,1.495727
e1532f86804c,train/45ff137cff43.png,train/c02c6b365534.png,0,2.286631
e18eabdd2472,train/98e379ccb0c8.png,train/acff629b73dc.png,1,2.678266
e1ba77b245f7,train/3597334944c4.png,train/aa358b257503.png,0,2.010069
e21713ba87b2,train/0bae4da9c1a5.png,train/f1794a9be487.png,1,1.851456
e29865402e5a,train/9491b44c7dba.png,train/3ff9f950907d.png,1,1.774973
e308a1ca255b,train/a9488dd8f071.png,train/a1fdca62208b.png,0,2.700199
e320a7c668c9,train/1b7cce31a14c.png,train/b25918759b24.png,1,2.698327
e3286c73ac96,train/b5595f85bcf6.png,train/b4c159a6b638.png,1,2.75679
e371cba808f4,train/00fd4d23a2fc.png,train/5f9eac72ae0f.png,0,1.715285
e3863b2d6e17,train/603fb448f2d8.png,train/99b0e1fe49e4.png,0,3.0
e3a20e5051fa,train/69abc0ad90da.png,train/8096ad16c66f.png,1,1.804224
e4077a575f8f,train/382166a08137.png,train/331adf4e8be4.png,1,1.758505
e458845ea0d8,train/ad885d94c99d.png,train/8f36dc0339ba.png,1,1.783985
e51cb034731c,train/5368246a3c0c.png,train/d4447d52a2a7.png,0,3.0
e550dbe20504,train/0c51a96fb829.png,train/b5595f85bcf6.png,1,1.578011
e6b5a874fc17,train/a8156bcac10a.png,train/e9aa77bf5a97.png,1,2.559644
e71c067a9ec8,train/d07fd16f8e0e.png,train/1e40e427e42b.png,0,2.430497
e74f54d09592,train/51b5adb0891a.png,train/c5fbbe408e4f.png,0,1.582862
e79aaa8fb181,train/e99c7849570a.png,train/6254654b5857.png,1,3.0
e86485eca2f7,train/5b9ec7a049be.png,train/0b2cf1c579d2.png,0,1.854625
e896fdcc7190,train/4eaea36ca08d.png,train/f9795b228eb0.png,1,2.421141
e8a63884008d,train/0bae4da9c1a5.png,train/a45d9ee7d7ce.png,0,1.89757
e9061d4762f1,train/05610dfdc4ea.png,train/7659e786e977.png,0,2.834131
e93b1d4fe6d9,train/90280e9b9efd.png,train/b0a18f82ef8b.png,0,3.0
e98e9547ed5e,train/e6ebeb832405.png,train/5c4f193b437d.png,1,3.0
e9f792ce17fe,train/335541cfc685.png,train/aa6a66776046.png,1,2.703557
ea015b7f0367,train/ea26d91ff947.png,train/6254654b5857.png,1,2.032616
eb130aae47dc,train/2ed5561ac6f4.png,train/1078e85cccbf.png,1,1.366297
eb389920e7cf,train/d32fba536fb1.png,train/18b717158521.png,0,2.361449
eb8e01fdc859,train/7b1e82283712.png,train/d4447d52a2a7.png,0,2.910996
eb99a1aaaa5e,train/52ab95bc780c.png,train/e0fe5ab3001d.png,1,1.67365
ec7a7a4ec043,train/c8936debc577.png,train/0b5d58141b4a.png,1,2.871082
ece051a78a4f,train/3738504d9141.png,train/76278c24d002.png,1,2.716195
ed0ee48ad3a7,train/ab7bd8339143.png,train/aa6a66776046.png,1,2.877528
ee288ca4eaf3,train/2f23f0ce1bee.png,train/2ed5561ac6f4.png,1,2.301259
ee2f382aa6d3,train/4be27a89bc64.png,train/efee392e4e3e.png,1,1.700004
ee63296b4963,train/041d4a0ede20.png,train/0948ccf07aad.png,1,2.406577
ee871caccf56,train/8e93d0921317.png,train/ba77507fbe6d.png,1,1.585546
eea686865cd1,train/80af1a2deff2.png,train/d4d9ce7d0fc1.png,1,2.572224
eee6833fbc2b,train/e6ebeb832405.png,train/c3f46e67924e.png,1,2.009365
eeea26060c08,train/b3ec0f086288.png,train/d41602c6bfb8.png,0,1.901079
ef1355cda09e,train/2715fcbf8da5.png,train/63f8cdc59235.png,0,1.945239
ef51215eb818,train/ded746851d27.png,train/4ad0fffc0a3d.png,1,1.53988
efaeaa3596e3,train/273934df52a9.png,train/76278c24d002.png,1,2.957067
f06a0c7af300,train/0ec07e4b20d7.png,train/d8cb3578b341.png,1,1.314395
f1145e3f1810,train/c8e101af7a94.png,train/a8156bcac10a.png,0,1.455799
f11c105260bc,train/05b47a0a64be.png,train/d866e173bb8d.png,1,3.0
f14826dfa302,train/1df691ca465e.png,train/acff629b73dc.png,0,2.17802
f1fd132b3036,train/a9a023569dcd.png,train/b832736627e8.png,1,2.828595
f21ca12d5b65,train/e9aa77bf5a97.png,train/a45d9ee7d7ce.png,0,2.662869
f243f35ffabd,train/46be031dcf82.png,train/2bca683108c4.png,0,1.511024
f2572c209914,train/e55cbc33c860.png,train/3efe0d4b9a6d.png,1,2.675477
f29f8b18025a,train/8acf86069555.png,train/5a3e2bbe8c24.png,1,1.443354
f2bce5be8531,train/1d745fc829e1.png,train/3ddb922cb714.png,0,1.785274
f2d16d042937,train/ea823e7e40cd.png,train/61c665bb5de5.png,1,2.028215
f2ee22ab7127,train/f374a24fbcbb.png,train/4d5edce4369d.png,1,2.014213
f385cc5348cb,train/17c1db08f44a.png,train/61c665bb5de5.png,1,2.302864
f3e4fa99629f,train/51b5adb0891a.png,train/57d9f3c5dff2.png,0,3.0
f413cbb8a8d2,train/5244bb9ab834.png,train/bb26774cc0b0.png,0,2.12992
f448bba1f550,train/2e9db0236bfa.png,train/0e62499b4ea4.png,0,2.746936
f44de0bc6054,train/e36b4d6f4d31.png,train/18121bdcf50c.png,1,1.880547
f45f7e6e0b7b,train/09363d45fc41.png,train/e6368f8f403d.png,1,2.365771
f4b755d0f322,train/e036d1b854f7.png,train/bb6efe62f4e0.png,1,3.0
f4b88d5dd251,train/295d42688bef.png,train/a4d194b1ebdd.png,0,2.697575
f559d6d07875,train/703b2b403c4d.png,train/ccfa986aad95.png,0,1.360164
f5f4a368fd88,train/1d745fc829e1.png,train/d4447d52a2a7.png,0,1.985586
f5f688bfe538,train/cce82c26ff81.png,train/2668ce605ffe.png,0,2.378921
f60f82431ffe,train/bfb3b55e81d6.png,train/e1ff7c584eb4.png,1,2.358498
f634770f7bee,train/380e0260c144.png,train/24720425a49f.png,0,1.517678
f66a2fde2d26,train/c8e101af7a94.png,train/ab7bd8339143.png,0,2.207779
f7649135edc2,train/a93380332d6f.png,train/2f23f0ce1bee.png,0,1.587946
f767b281ca66,train/7e9b288f4ffd.png,train/05610dfdc4ea.png,0,1.703675
f7fa851358cc,train/5c4f193b437d.png,train/19894eda21d2.png,0,2.294929
f7fcb57780c2,train/a4d194b1ebdd.png,train/08e5435eb3be.png,1,2.032833
f8006a5c3200,train/5eb03b631b42.png,train/e9aa77bf5a97.png,1,3.0
f83f81ec475f,train/11790b7a2e2d.png,train/e6368f8f403d.png,0,1.579122
f94653cbf332,train/a0adade5a2b5.png,train/67c8276513cb.png,0,2.235159
f95df1fad7fc,train/f732283f079a.png,train/9f068aa8f7e2.png,0,2.460041
fa6530362bd8,train/472e839eae1e.png,train/31df3ea2cfc7.png,0,3.0
fad244d29638,train/b4ae30bae7cf.png,train/d5148f7a675b.png,0,3.0
fb0750e66a7b,train/2e79e05bb1af.png,train/a35fc11eadb3.png,1,2.887467
fb185e82695d,train/afffce92e575.png,train/c8936debc577.png,0,1.520627
fb28a8d5ef5b,train/61c50f7e25e6.png,train/2da523fb1eb9.png,1,3.0
fb8bdde0e5d1,train/d5148f7a675b.png,train/e08406ca19fa.png,1,3.0
fc9f6fe83e37,train/2c127236ab35.png,train/e55cbc33c860.png,0,3.0
fcbf9699ed72,train/80af1a2deff2.png,train/5c90bccdb938.png,0,2.244572
fcfb9e738909,train/ccfa986aad95.png,train/380e0260c144.png,1,2.974861
fcfbaa484389,train/f2ac7fec06d2.png,train/73f51f1ddc7b.png,0,2.888568
fd2ba688932f,train/f374a24fbcbb.png,train/1def98c11450.png,1,2.743602
fddd55cb89c7,train/cc9424caea2f.png,train/5ec754002658.png,1,1.712252
fe19767afe4a,train/ea26d91ff947.png,train/d63146502ff0.png,0,1.839789
fe577bc0c621,train/4922c3139b81.png,train/ff2d1dd44f94.png,1,2.802365
fe61d3577dd8,train/d54f84d5062f.png,train/e6714cc0d767.png,1,1.475555
fe6987951299,train/f374a24fbcbb.png,train/3fe2c504bd33.png,0,1.341788
feb5e96af488,train/4a74cb75d969.png,train/4beb8bf87cd2.png,0,1.490674
ff0762ace001,train/4922c3139b81.png,train/538d29228600.png,1,2.656936
ff07d5fb66a5,train/52c545c3c82f.png,train/5368246a3c0c.png,1,1.910008
ff142b95088e,train/76e1c7c19992.png,train/c19efe12c1d6.png,0,2.882666
ff1d7c11a649,train/b0f4c9e2ee13.png,train/faa77f49042f.png,0,2.209725
ffb98af8be2a,train/32813ca073a4.png,train/0c51a96fb829.png,0,2.161148
ffce2b2dc140,train/31efbc34dffa.png,train/c21645961dcd.png,1,1.539509
