id,prob_left_higher_division_pressure
0004cc8f4051,0.5336151513013224
000bb821dbad,0.6393253233156183
003f4e2cf16d,0.7368618477742597
0057a832c3e4,0.4226911152637841
007d915255f5,0.47417696040582774
008e0dd64ada,0.8840357589789918
0175e152a782,0.9333009133947602
025cf6bebbd8,0.35020147515658573
0326bee7ca93,0.7789117129877209
033585ee5db0,0.6221040300626264
033856e5798b,0.8522385986364631
040491145bc8,0.42163146687456743
045915ef6ff5,0.5977203140980627
047534cab47b,0.41244185377396014
054a2b3edb5d,0.7256093712558919
07717800171b,0.7485051418479409
0861d31e0b92,0.3348647220138346
0874a7a50f7b,0.4216956244768103
091a92f7a6af,0.6335684198170172
09ca696aa760,0.41826557612490034
0adcb7af5095,0.49753269095556246
0ba03e563b05,0.36369545961206357
0bec45b475c5,0.2064726473091012
0cf8e1e2fa92,0.41677294306478785
0d6449919e9d,0.7206739781812296
0d7428e6e0c2,0.37534421249699057
0e150c800ba4,0.9235156661101301
0ec40d96c609,0.21895545761089158
0f0f0909cc64,0.41558325278479097
0fb90de3c84c,0.5910447937597343
100cdc470e0c,0.361422662367218
103bab5110f7,0.06695860609064072
11671ac4e016,0.2781917706303479
11e0e844449e,0.4494761706339787
125abd91dac9,0.4819667922439148
12915da10c5b,0.511730654996343
1293d642cd75,0.33129740904741134
12dba27189fb,0.5492874916765617
13e96013ddee,0.47200291455238724
13f20a301141,0.7008515649607127
15b436f166cc,0.5497248574588539
169410e55a1d,0.5822343593036095
16b73afbf50e,0.5582885729372928
18393355d18c,0.460945435557676
1a476882dd33,0.29051625597899533
1a9bea87ad98,0.8285124055821087
1b71e292c16f,0.378522010275057
1b802029ffdf,0.5641310018219302
1c3799527a7d,0.6865185168253155
1caca172fd5a,0.26875948707520014
1ccf8abe13be,0.498396605729836
1d717273dd03,0.6686693953595955
1de361131910,0.7435615026136102
1e979d2cf316,0.2874787555907573
1f04fe315033,0.9314690416007609
1f1ddc448335,0.3830789713130378
1fd93cf8c4c9,0.48612781999768967
211f36cf2080,0.2765756964066515
22475b7c90a5,0.25689897847759274
2292d578ed6a,0.14520277435890738
22e25d2e7645,0.6313590701002855
23d71360e97d,0.792165562496899
23e4421f1c78,0.3033611728733997
2426dc22e6f7,0.66503116262987
24484cf757ab,0.08058810991884899
2501e6f14971,0.18570837502009724
257025e97c64,0.39453298422887806
266d391d24b1,0.35060425253673927
2791415ca414,0.4593239283599797
27b612e3de37,0.35874867165530877
28054279dbba,0.06690814680848702
285cf3084285,0.7325116484477744
28e90a43a6a4,0.08155959827978501
28ed07bc6597,0.6737188808028937
2a1d0d6b1056,0.13154936578935386
2a9f1981b004,0.1076952727910728
2d9f0331df59,0.27003053494151824
2e69f85a26aa,0.6582336044041601
2eac43046ab5,0.3307243367201286
2f05ef4025ff,0.3269091629083757
2f1808ddee52,0.38490837544807843
3084c791c3b8,0.6042333328402666
3111debef1ef,0.3571546811572762
313bbd086085,0.3786596106017217
315177b511ae,0.19259842584884046
31b45e512643,0.3553209969521266
31ebef9c2a62,0.6952455469580793
327f148baaf1,0.2362585853001823
32b4f674b3af,0.7029481000940937
332b3a56a8d1,0.6589816204281017
33d145cdc440,0.8352506457079985
3498ac7b1f36,0.9167336372345692
353ec8add4fa,0.527623315421254
35541586deb5,0.279520938170982
356b11827934,0.1530780220295659
35f61ecabd16,0.30585375399101766
37467d1024dc,0.42513369726353106
377ed30f4aea,0.273845559215106
3812d283b673,0.13414366553749676
3840822855aa,0.8273514034505918
3a269127b390,0.35949527860651886
3ad5f066abfa,0.4596561554210106
3b6670511966,0.22861804107461695
3b71d9548fb7,0.7689562031100299
3b89fe65420f,0.6270033749874974
3bd6ea0bba6b,0.21908134051024075
3bf4dc6843df,0.1258223607357001
3bfd12508e14,0.5976157343118302
3ce941416994,0.7911394850309078
3dc15d54e45a,0.5121919844796661
3de9fd11c3af,0.07393146337431813
3e34b43ffd77,0.6503904960667785
3e52060b691a,0.6540543864585889
3e6890f89b3d,0.6042300734147469
3ed4387db30c,0.5341971473860473
3f0a1bc1ffb4,0.31032785647457334
3f1f5ce5ed36,0.9155467721397625
3f3e2381f67f,0.48978943995647406
3f5292ea78d2,0.12636600115464458
40f2f14116ef,0.5288955554475093
42224b591656,0.5055555782513707
42a9f0579ba7,0.32655310730635273
42cf8a8fa3f9,0.9274584667890952
447be0240fb8,0.4831635130854031
44906af02b3d,0.2616461397011064
44ef4d8286dd,0.2727171107613737
452f0ed01f13,0.8912978343201114
46335a340c3e,0.5886369978855764
466a789eb886,0.17584080825770698
46a611e19014,0.2727911275960032
479ddcaf9861,0.42169366458116825
47c4642dc082,0.7771186286888793
47c6e5244bc3,0.3313075198588763
481a4c92a234,0.21517990616155658
4878261f3b4f,0.8116011095668341
494aa63b4578,0.4067060710757412
497d6391b741,0.694936535336892
4ad1ea71e8d4,0.40828057240038595
4b066fbadda9,0.3701507356077674
4bd59393d4be,0.7079698931094642
4d0b9320c011,0.4844618751566242
4dcce30c528f,0.5621740284282912
4e5c63b7971e,0.5166586373761066
4e9d4c18ba2b,0.7394915260462749
4ec26c979a97,0.6266751960871663
4ed9d46031e8,0.3936419583211001
4eee60ce3bb4,0.8523943764738066
4fe2d3a510ab,0.47401383276952475
51481be28cf0,0.5011465686127456
5160e48d9d07,0.7214613257306516
528b9eb62305,0.8139656646411579
52ba361f2ccc,0.2290098287553213
53234e444249,0.18874561491885514
53a21b33f5ef,0.32584956667578907
53ab52acba81,0.15635299436804742
546ccd3df3f2,0.1438142264839746
548c944cc158,0.7941410420664603
548f9ad37910,0.8504544241760758
54a8fb045f7d,0.8526727332218369
552711ec3388,0.18641937740472744
5530bb5efd02,0.16437772511145812
55e61e229686,0.13073678235990138
569b138364f0,0.08018473912097185
56be0828acad,0.9237333876935406
5747615a6fc5,0.10888903631052724
57ce26668263,0.14541489779133462
58844744cd43,0.05675191594690898
58f37005f636,0.24581768658072473
5909a75d2b61,0.20569786058064582
595b0f625d6e,0.09760627383001859
597baf658bf2,0.13710423165574243
597cbee88058,0.7020908828640666
59a950436ad5,0.15605281499215803
59b34fda53a9,0.848964721024819
59e85be168a0,0.420609099427927
59f05801b28f,0.20078594948477307
5b114c99b897,0.39421425921622677
5b6b99c89242,0.7035367171872314
5c4f4879014d,0.7189809552476175
5d390ad44c4f,0.8244337080316038
5d5097b20832,0.6562618297859505
5da1eae38781,0.7806045718313236
5f1fef267ddf,0.7145649087943642
5f265b299c42,0.2288036201926323
5f6c22418b3a,0.26356691025404777
5f767407c639,0.1940710953719405
5f96796d9a3c,0.7528841479882339
5fb25575d40c,0.4805472910892791
60452e917c9a,0.6245499597533613
60cbaea33d16,0.23681509393391517
61d0ed628b72,0.8014684357764199
645eae420760,0.5134811406122913
66fb168939ef,0.481145982918337
68a003690bbf,0.43189034528741305
68f48f7c7e01,0.7906349358877681
6a3c34e519b5,0.7499717338570662
6afa1ae64c67,0.8630469224791453
6ca9e1480f11,0.5238800250320786
6cdabed00a94,0.28112596164426895
6db0dec111f4,0.8701749769117825
6dc4cb1a59f6,0.4249090269916386
6e05941118d3,0.8891979004532405
6e8d5e28f074,0.6280073030483653
6f256ead960c,0.28047891716616496
6f25dae53148,0.9207347042099079
6f2e204a91b9,0.44606136000371377
6f9f0fe4efa9,0.2353541560138079
6fc2d551292f,0.2688000301069044
710182a0ee86,0.09043654169984537
727b453fe1ce,0.4543987766544923
7342522242d5,0.1356532317265737
7373ab4c3c08,0.6101314117169365
738a5921a548,0.7468885082909229
7407ad5df502,0.8334482547104837
743d84e0b7c9,0.4304257907185811
7493e4f9c272,0.41741856190345167
74cc1766033d,0.5222865843368134
754cfd56e1f4,0.8286351915058616
75a7238cfca1,0.2943093962303786
7603ff08b079,0.26578209145432
760b5881cbcc,0.773918873523223
765736b53c64,0.7282787449402139
766c57841c69,0.24036600503589486
76714b446e93,0.8337817269352474
769db54fe393,0.6953771641610731
76b2cd696f66,0.5507168483736232
772c4b399a1a,0.07544860393955594
778e2ceeb873,0.2436076174944796
780a94a208fe,0.5728164850269992
78237d4256fe,0.07834652754995193
786c7b66927b,0.5990302642931211
78c4584bdd4b,0.17014379340060654
79dc79eeefd1,0.4760307004387456
7b254c6fc4f4,0.39341110390053274
7bd78aaab054,0.8033738623796328
7c1ae2312b72,0.6873388116334204
7d119e72a519,0.26201837111369164
7ea8e3bd1af9,0.30243375698465713
7eb69d4571ba,0.34462889856895934
7f8c0bf70bac,0.5923024332179266
7fb79237557b,0.4814438430589623
80529a35dc5e,0.6069853928843293
814fbfa5eb64,0.542565651532794
839fd8ad2965,0.5484718495098835
841e1a521007,0.8720944769264412
844457383197,0.4233888312940957
844e04038bea,0.4203718533537713
85b79eee68af,0.6725538107420577
86b0a2baa23d,0.6151103680245401
86d6d7b44d97,0.20651214731767145
86e44c2d1de7,0.25151263346495245
86f03df5204e,0.7148520679964327
89004abe3847,0.07833483188831286
8a2f2183a3c9,0.3131599502997696
8acf56d5da4f,0.8343106277741694
8b40a4c3359d,0.3507761730645763
8b9a995b5397,0.30625609085044475
8c5981187057,0.5592276376204132
8cb48c1ede7c,0.6857111755658236
8d62828badfd,0.16665162044060705
8dc45f513f98,0.7011053799839883
8dcec079b213,0.4488955621808465
8dfd127e5aea,0.9218522475346687
8e1a0f036968,0.112478454543328
8e47e99a9d42,0.42249047460087263
8f0eda4c0f67,0.7329957006041643
904e86d05850,0.4601546030461685
90e46da9263d,0.4608716282720749
9111b3f31213,0.8620019785280694
91234f0814fe,0.23523240465588977
9174fc8a00d0,0.1109693314103655
92ba86929f9c,0.31414901921179866
92dfe567313e,0.07886520985766571
931470d3f669,0.1839029409433645
959405f579a3,0.3233974824664787
96364a4a3ad0,0.2190955528672115
968770398f26,0.9397885873669498
975f804e52c1,0.6686397082040237
97f4d5c80796,0.2548748732808245
98481942d5e4,0.672856800753866
984de2ea5937,0.6848431607748289
98588daeaca7,0.8405793889715676
9968da1239d2,0.13839169151509978
99b3f84c00d7,0.7449698417014703
9a57e57c5d59,0.24609099542325458
9ab7b48fc853,0.10871409648662314
9abf620971a5,0.9170025268863724
9ba6991c3877,0.5100999695929962
9bcd1e369957,0.8549688330969071
9c5ae55bc5db,0.41334230029173497
9e31da2abe26,0.34134897280843896
9e6ab346129c,0.21238708838934225
9f746ba9b10c,0.5679787236873551
9f7e4700580b,0.4063842244701894
9f8a70e0dc86,0.08562334952528772
9f8d7500342f,0.6366490459063624
a0bc8806b488,0.2374674570848723
a15bbd53a052,0.38637042994712834
a1dc0b120497,0.8959976577895985
a35940319f69,0.8439653137895439
a36ab94ba331,0.3763298819143112
a39a94eb551a,0.8444093347505282
a4b0b390367e,0.17672581349338556
a504bd90b58c,0.7893110550556875
a612d41917ed,0.17867086644183044
a7a9b5dd4ee6,0.43537263492628914
a80ce0f94898,0.771773666987349
a818b8c8714d,0.7987063356522626
a8c5e54c83ae,0.7871036682768652
a9307f5066cd,0.38036076317899037
aa378a7c1532,0.5786258375645561
aaedbf292a03,0.7779172233838195
ab7c6e073926,0.41658708740355016
ab96ed3ef264,0.07345038585919988
ac4eefda90fb,0.10502289341348933
ac55d326bf66,0.40442224258130355
acadd4b81dec,0.30842469456378147
aecf67499c34,0.20246654018700438
b07147eb17e5,0.333377706584663
b104f8671744,0.8381730236772853
b1066c83f3e6,0.23366679410733424
b15f98fa8629,0.2721655438009917
b17df32eba26,0.41719524643367684
b268963536cf,0.6495822980623488
b2b32bfa8a18,0.518928055603308
b3353850cfcc,0.8959423827139215
b3f31ec7b708,0.40745760877906884
b42f9afaf07e,0.30223784893790445
b45825405954,0.21952893155968625
b65d1fd94cd5,0.8588348429560321
b6c1c307bb27,0.4298141622128737
b7c5187a579c,0.108028025471266
b8a81ddee904,0.106974927074384
b8af1e91b63c,0.5479040089420936
bba470ba5d8c,0.6585558902118424
bbc429abf629,0.10942405055409812
bc2209535a1a,0.8071839014519834
bc37c6056ecd,0.2533070083016987
be6aabcd6677,0.46111831869843023
bee115597c16,0.41822453364098067
bf8c7761737e,0.7361604706107101
bff7fb9570ff,0.3537042527701517
c0be1fcd08f3,0.6055624291044472
c0cf629593d3,0.33296175424606556
c14471a7370b,0.165617274497919
c3200ede80d8,0.39456979874664266
c4c41fab6271,0.3438418404428074
c4e38af2ae6f,0.8653124698122822
c557307cbfec,0.11628923537787336
c55ca2d9bd9e,0.09007153261702217
c5c11f169cab,0.24338465502958584
c5c9722b2778,0.11374600677870911
c5eeddc8ef69,0.4242016955432832
c7137005660f,0.7570747855960229
c80a81682430,0.6229982427951468
c80e0e421e3b,0.12298606731626541
c87a85129768,0.9162622799155513
c935ced32738,0.5935927721077241
c9b492b80fc1,0.7055422480330553
c9d5fc2d6928,0.5783775310114041
ca0e1a28a038,0.31015790786417996
ca49629873d8,0.7548832831935064
caeb4557723e,0.1393880325865415
cb443a4f322e,0.6625974624978866
ce58530f3b42,0.45223728863660706
cea361b826fc,0.34065774530200427
cece290dada8,0.2734434973117997
cf63b69c1a9e,0.9173340178895172
cfe0c7290db0,0.6877110886093237
cffc74ece5f2,0.19207589863516578
d04ddd987af6,0.2085102669877254
d128ca4e44dd,0.7087145285059548
d14958af9729,0.20825031460450733
d204e6fefdd5,0.7901052329880818
d2108c280577,0.787796341269318
d2f007d2d172,0.07429624348652919
d393ebd1b17e,0.5921814552679262
d5c0f0fd5c87,0.16751739034851776
d74a1afc40f4,0.33948709440892694
d78ccd04ff3e,0.34527350140746865
d7d2ded86d83,0.9414615462630246
d7f2a0f717ca,0.18716617182820652
d836d9bf3d88,0.6639686602726359
d95139ec936b,0.11242227591562864
d9bfda19007c,0.7553961470803443
d9e545ad46dd,0.9153441985164633
da04bb215a8e,0.8190164812988588
da4de08c1cb6,0.8132640107303728
da77315febf0,0.507095913766956
daa7ed1697f7,0.29546871144235193
dad7651ce0b4,0.3505878002691752
db2b43580ec3,0.3861007893079866
db6ae417fd52,0.651476419599368
dcac0f7d7a9d,0.45490271656222603
dcb7fa7921bd,0.4480488150339667
de1fd7322ad7,0.21556105149914226
defd80e390fa,0.3618833793086816
dfed18c0cac9,0.22400413754317214
e0b48509c576,0.13321185520046805
e140a2f34772,0.1851135635526678
e19440b5939f,0.7313543947598211
e25809a35cf3,0.3768457081793243
e2b66ca322d2,0.8282500400593493
e31071e3ba51,0.25002870411077344
e380a2fa04f8,0.28431020190456663
e4fb7a4224c2,0.7939747317310295
e53c6c8a6233,0.5376411804586491
e69a4796065a,0.2533944167878192
e7d7d07bf47b,0.6310395695982819
e9b3b018f9e2,0.7734059024549561
e9fbea1b8da7,0.7988901348852067
ea8bac9671bc,0.4408785944119576
eb252a1020f2,0.5983260722349762
ec4642b3ef3a,0.14349365821828536
eca7795ab005,0.7866561283684319
ecb2fa634a2e,0.06915883072033945
ee0e462ec72c,0.12069700162771932
ee7d9e2cc7c1,0.7481535346245447
ee96a54a422d,0.906655196411225
eeb7ce8539dc,0.1105321082918369
eed5eaa97e45,0.14518880233166528
efdd5e116a9e,0.29046461774018134
f02f8bd1f748,0.6557898448703446
f05903140126,0.7177667263373759
f06dfc737412,0.4517565209274877
f2e59efcc8c2,0.6079075993686999
f32feeadcd05,0.2875059071694535
f407aa0f0d5b,0.5717170412001045
f409df1acd58,0.5417632803226854
f573523835a0,0.3484429902996499
f5b96c3e117c,0.7696422451325107
f643568d57a6,0.2657625966280087
f72da5a0f8c0,0.5825946725504008
f8465ff6ce99,0.6242382920196663
f8da9016b8be,0.7945070603439646
f8e1eeaa43f9,0.4014115929156763
f9835171a859,0.44753995776634986
fab80e2763fe,0.7470284336557991
fad51a267d46,0.5567495830519076
fada5d52534d,0.8543864453376059
fb5963dadea3,0.8126998574166711
fb9d9828a914,0.6351039891684086
fc7c53b64b6f,0.7523997381566551
fc7c62cd866d,0.4197577547394654
fdddd438a30b,0.8207168774950528
fe9717e91de2,0.6683783266553219
feb7898fb206,0.9327234551204849
ff158a5bea9a,0.5083262078048104
ff1f03d927d5,0.893429909726376
ff1fa179816b,0.8784690947522665
